model,date,interval_score,dispersion,underprediction,overprediction,coverage_deviation,bias,ae_median,coverage_50,coverage_95,r_wis,improvement,percent,epiweek
COVID-19_forecast_model,2022-09-17,33.31846153846154,19.556923076923077,2.1653846153846157,11.596153846153847,0.1007692307692308,0.2788461538461539,51.76923076923077,0.7115384615384616,0.9807692307692307,0.4662632645898941,53.37367354101059,0.5337367354101059,37
COVID-19_forecast_model,2022-09-24,44.856730769230765,22.099038461538463,6.098076923076924,16.659615384615382,0.05461538461538464,0.12788461538461537,78.15384615384613,0.576923076923077,1,0.521823706756528,47.8176293243472,0.478176293243472,38
COVID-19_forecast_model,2022-10-01,57.5075641025641,23.729358974358973,8.066666666666668,25.71153846153846,0.03025641025641026,0.17980769230769228,103.07051282051285,0.5192307692307693,1,0.5707953627903299,42.92046372096701,0.42920463720967006,39
COVID-19_forecast_model,2022-10-08,60.910192307692306,24.845769230769232,11.536538461538461,24.52788461538461,0.04307692307692308,0.1786057692307692,110.39903846153845,0.5625,0.9903846153846154,0.5801459572288544,41.985404277114554,0.4198540427711455,40
COVID-19_forecast_model,2022-10-15,51.792788461538464,23.078365384615385,10.27500000000001,18.43942307692308,0.043076923076923165,0.17355769230769222,89.48557692307692,0.5817307692307689,0.9759615384615385,0.5562751610672144,44.372483893278556,0.4437248389327856,41
COVID-19_forecast_model,2022-10-22,44.10394230769231,22.403942307692308,8.437499999999998,13.262500000000001,0.061346153846153856,0.06850961538461542,75.28846153846153,0.610576923076923,0.9903846153846154,0.5281316589473939,47.18683410526061,0.4718683410526061,42
COVID-19_forecast_model,2022-10-29,36.341153846153844,22.621923076923075,6.108653846153845,7.610576923076923,0.10846153846153847,0.05216346153846158,56,0.7163461538461539,1,0.4872350041883822,51.27649958116179,0.5127649958116178,43
COVID-19_forecast_model,2022-11-05,43.034134615384616,24.270673076923078,4.413461538461534,14.35,0.07192307692307695,0.31033653846153836,65.66346153846153,0.639423076923077,0.9903846153846154,0.5965335555330948,40.34664444669052,0.40346644446690516,44
COVID-19_forecast_model,2022-11-12,57.77355769230769,26.39375,4.601923076923081,26.777884615384615,0.0017307692307692221,0.5278846153846153,102.6201923076923,0.451923076923077,0.9903846153846154,0.7933976102647434,20.660238973525658,0.20660238973525658,45
COVID-19_forecast_model,2022-11-19,76.13923076923078,28.372884615384613,4.500961538461548,43.26538461538461,-0.046346153846153836,0.6151442307692306,137.78365384615387,0.375,0.9567307692307693,1.0004395685582852,-0.043956855828519714,-4.3956855828519714e-4,46
COVID-19_forecast_model,2022-11-26,76.62850961538462,29.56889423076923,7.922115384615386,39.137499999999996,-0.022307692307692268,0.43341346153846155,140.4807692307692,0.4326923076923077,0.9567307692307693,0.8874199068963018,11.258009310369822,0.11258009310369822,47
COVID-19_forecast_model,2022-12-03,67.46067307692307,30.226057692307695,26.279807692307685,10.954807692307698,0.06807692307692312,-0.16730769230769227,117.32692307692314,0.625,0.9903846153846154,0.5650097011011173,43.49902988988828,0.43499029889888274,48
COVID-19_forecast_model,2022-12-10,56.70423076923077,31.680192307692305,14.32403846153847,10.700000000000001,0.0959615384615385,0.09374999999999997,90.61057692307688,0.6875,0.9951923076923077,0.4831346580663828,51.68653419336172,0.5168653419336172,49
COVID-19_forecast_model,2022-12-17,58.33677884615384,33.964663461538464,10.109615384615386,14.262499999999992,0.07288461538461538,0.13100961538461542,87.55288461538458,0.6634615384615385,0.966346153846154,0.5097930576920194,49.02069423079806,0.49020694230798056,50
COVID-19_forecast_model,2022-12-24,67.80201923076923,37.58567307692308,7.910576923076924,22.305769230769222,0.04307692307692311,0.2661057692307692,100.92788461538457,0.5913461538461539,0.9615384615384615,0.6066764113394838,39.33235886605162,0.3933235886605162,51
COVID-19_forecast_model,2022-12-31,91.36793269230769,41.94389423076923,23.943269230769225,25.480769230769226,-0.005961538461538481,0.1564903846153846,156.3605769230769,0.5048076923076922,0.923076923076923,0.6477611848145092,35.223881518549085,0.35223881518549083,52
COVID-19_forecast_model,2023-01-07,129.36048076923078,48.77490384615385,7.593269230769228,72.99230769230769,-0.0867307692307692,0.5240384615384616,223.54326923076917,0.38942307692307704,0.8413461538461539,1.010220581750058,-1.0220581750058022,-0.010220581750058022,1
COVID-19_forecast_model,2023-01-14,158.2245673076923,47.91591346153846,0.31634615384615355,109.99230769230769,-0.14153846153846153,0.7509615384615385,274.9278846153845,0.3173076923076922,0.7788461538461539,1.5765676735842304,-57.656767358423046,-0.5765676735842304,2
COVID-19_forecast_model,2023-01-21,149.02221153846153,42.61163461538462,0.23173076923076935,106.17884615384615,-0.14057692307692304,0.7471153846153846,264.0144230769232,0.2884615384615385,0.8076923076923078,1.1461095909815973,-14.610959098159725,-0.14610959098159726,3
COVID-19_forecast_model,2023-01-28,98.92302884615385,35.043221153846154,1.25576923076923,62.624038461538454,-0.057884615384615354,0.5478365384615385,173.78365384615387,0.40865384615384615,0.8942307692307693,0.6675568010799564,33.244319892004356,0.33244319892004354,4
COVID-19_forecast_model,2023-02-04,45.49884615384615,26.4575,5.648076923076923,13.393269230769231,0.0805769230769231,-0.004086538461538408,72.8125,0.6682692307692307,0.9807692307692307,0.32023347360095633,67.97665263990437,0.6797665263990438,5
COVID-19_forecast_model,2023-02-11,50.596826923076925,20.563173076923075,29.38173076923077,0.651923076923077,-0.02711538461538458,-0.6466346153846154,87.60096153846158,0.4423076923076922,0.9326923076923078,0.4666140013856696,53.33859986143303,0.5333859986143303,6
COVID-19_forecast_model,2023-02-18,69.21543269230769,17.132740384615385,51.98557692307693,0.09711538461538463,-0.16846153846153844,-0.8216346153846154,127.29807692307693,0.21153846153846148,0.8173076923076923,0.8248640017576374,17.51359982423626,0.1751359982423626,7
COVID-19_forecast_model,2023-02-25,72.0610096153846,15.686009615384616,56.10096153846154,0.27403846153846145,-0.1367307692307692,-0.7374999999999999,128.00961538461542,0.30769230769230776,0.798076923076923,0.9393949169204417,6.060508307955825,0.060605083079558246,8
COVID-19_forecast_model,2023-03-04,65.22682692307693,15.11721153846154,49.114423076923075,0.9951923076923082,-0.11173076923076922,-0.6185096153846154,111.85576923076923,0.3557692307692307,0.8125,0.8433444812487922,15.665551875120777,0.15665551875120776,9
COVID-19_forecast_model,2023-03-11,43.25451923076923,15.355480769230768,25.968269230769234,1.9307692307692315,-0.010769230769230745,-0.3504807692307692,75.2067307692308,0.48557692307692296,0.9375,0.5467582143581543,45.32417856418457,0.4532417856418457,10
COVID-19_forecast_model,2023-03-18,30.22576923076923,15.199807692307692,12.584615384615384,2.4413461538461534,0.0632692307692308,-0.18317307692307688,48.860576923076934,0.6201923076923077,0.9759615384615384,0.37830610579523005,62.169389420476996,0.62169389420477,11
COVID-19_forecast_model,2023-03-25,24.520817307692308,14.999663461538463,7.25576923076923,2.2653846153846153,0.10173076923076926,-0.20600961538461549,36.43269230769231,0.701923076923077,0.9951923076923077,0.3282136968214568,67.17863031785431,0.6717863031785432,12
COVID-19_forecast_model,2023-04-01,22.900625,14.886201923076923,3.581730769230767,4.432692307692308,0.12192307692307698,0.12355769230769247,34.014423076923066,0.75,1,0.3290854567184296,67.09145432815704,0.6709145432815704,13
COVID-19_forecast_model,2023-04-08,24.376826923076923,14.780673076923078,0.4942307692307692,9.101923076923077,0.071923076923077,0.4858173076923077,35.875,0.6394230769230771,0.9903846153846154,0.3641959187371245,63.58040812628756,0.6358040812628756,14
COVID-19_forecast_model,2023-04-15,30.423894230769232,14.66139423076923,0.44230769230769235,15.320192307692308,0.013269230769230717,0.5507211538461538,50.75480769230769,0.49519230769230743,0.9807692307692307,0.47085982585341074,52.91401741465893,0.5291401741465893,15
COVID-19_forecast_model,2023-04-22,38.917163461538465,14.430625000000001,0.1653846153846153,24.321153846153845,-0.0915384615384615,0.7317307692307692,70.52884615384615,0.3028846153846155,0.9182692307692307,0.6103952640145042,38.960473598549584,0.38960473598549583,16
COVID-19_forecast_model,2023-04-29,49.21149038461539,13.723990384615385,0.34038461538461573,35.14711538461538,-0.1819230769230769,0.736298076923077,86.85096153846153,0.2403846153846155,0.7548076923076922,0.7484381551191674,25.156184488083255,0.25156184488083255,17
COVID-19_forecast_model,2023-05-06,40.661923076923074,12.778269230769231,0.4048076923076925,27.478846153846153,-0.0973076923076923,0.6615384615384615,72.72596153846153,0.3269230769230769,0.875,0.6756399075794597,32.436009242054034,0.3243600924205403,18
COVID-19_forecast_model,2023-05-13,31.865673076923077,11.71278846153846,0.3730769230769233,19.779807692307692,-0.055961538461538445,0.6264423076923077,57.0528846153846,0.38461538461538464,0.9134615384615385,0.5823704503023511,41.762954969764884,0.4176295496976488,19
COVID-19_forecast_model,2023-05-20,32.98871794871795,11.946410256410257,0.32564102564102543,20.71666666666667,-0.12871794871794873,0.7522435897435898,59.68589743589744,0.23076923076923073,0.8910256410256411,0.558871003148207,44.11289968517929,0.4411289968517929,20
COVID-19_forecast_model,2023-05-27,33.99163461538462,12.085865384615385,0.2307692307692309,21.675,-0.11076923076923077,0.7466346153846154,58.95192307692307,0.2980769230769231,0.8653846153846154,0.5552622441939655,44.473775580603444,0.4447377558060344,21
COVID-19_forecast_model,2023-06-03,34.504423076923075,12.442884615384616,0.1846153846153845,21.876923076923077,-0.12230769230769228,0.7278846153846154,59.07692307692308,0.326923076923077,0.8076923076923077,0.5575529331113315,44.244706688866856,0.4424470668886686,22
COVID-19_forecast_model,2023-09-16,25.47923076923077,12.833076923076923,4.726923076923076,7.9192307692307695,0.07769230769230773,-0.018269230769230736,39.11538461538461,0.673076923076923,0.9615384615384616,0.6162064000116597,38.379359998834026,0.3837935999883403,37
COVID-19_forecast_model,2023-09-23,32.26336538461538,14.707596153846154,7.969230769230769,9.586538461538463,0.05076923076923076,-0.15961538461538463,54.0096153846154,0.5961538461538463,0.9807692307692307,0.6189944489480849,38.10055510519151,0.3810055510519151,38
COVID-19_forecast_model,2023-09-30,47.52057692307692,16.251346153846153,13.391025641025642,17.878205128205128,-0.0633333333333333,-0.10673076923076928,82.83333333333336,0.34615384615384615,0.9423076923076923,0.6970186451904196,30.298135480958045,0.30298135480958044,39
COVID-19_forecast_model,2023-10-07,49.83567307692307,17.423173076923078,7.789423076923079,24.623076923076916,-0.03192307692307686,0.05865384615384654,88.72596153846158,0.4423076923076922,0.923076923076923,0.68247178138564,31.752821861435997,0.31752821861436,40
COVID-19_forecast_model,2023-10-14,41.53658653846154,16.79139423076923,3.783653846153848,20.961538461538467,0.01519230769230777,0.22163461538461537,72.87980769230772,0.5432692307692311,0.9375,0.6215711613740995,37.84288386259005,0.3784288386259005,41
COVID-19_forecast_model,2023-10-21,36.104471153846156,16.266009615384615,3.934615384615382,15.903846153846155,0.04692307692307688,0.17668269230769224,60.923076923076934,0.5961538461538461,0.9663461538461539,0.6122372097075744,38.77627902924255,0.3877627902924255,42
COVID-19_forecast_model,2023-10-28,35.426971153846154,16.091394230769232,5.408653846153847,13.926923076923076,0.03538461538461546,0.20288461538461544,61.110576923076934,0.5769230769230771,0.951923076923077,0.6441833302263712,35.58166697736288,0.3558166697736288,43
COVID-19_forecast_model,2023-11-04,38.62125,16.337596153846153,1.2519230769230765,21.031730769230773,-0.015576923076923082,0.5540865384615384,69.4278846153846,0.4278846153846154,0.9807692307692307,0.7534317136360283,24.656828636397165,0.24656828636397166,44
COVID-19_forecast_model,2023-11-11,34.972259615384615,16.81168269230769,2.6596153846153845,15.50096153846154,0.06711538461538466,0.2336538461538462,58.985576923076934,0.6153846153846155,1,0.7316796121618512,26.83203878381488,0.2683203878381488,45
COVID-19_forecast_model,2023-11-18,36.216923076923074,17.59673076923077,2.521153846153846,16.09903846153846,0.05461538461538461,0.30072115384615394,59.59134615384615,0.5961538461538461,0.985576923076923,0.7031771334751272,29.682286652487278,0.2968228665248728,46
COVID-19_forecast_model,2023-11-25,36.40490384615385,18.45682692307692,3.8259615384615375,14.122115384615386,0.07769230769230769,0.17788461538461542,60.4903846153846,0.6442307692307693,1,0.6350040743916365,36.49959256083635,0.36499592560836347,47
COVID-19_forecast_model,2023-12-02,40.26370192307692,19.349278846153847,13.536538461538463,7.3778846153846125,0.09596153846153845,-0.10264423076923074,69.44711538461537,0.6778846153846156,1,0.4980929983574909,50.19070016425091,0.5019070016425091,48
COVID-19_forecast_model,2023-12-09,36.483125,21.072548076923077,5.103846153846156,10.306730769230768,0.10846153846153851,0.17668269230769243,55.177884615384606,0.7355769230769229,0.9807692307692307,0.47787589232450317,52.21241076754968,0.5221241076754968,49
COVID-19_forecast_model,2023-12-16,36.490048076923074,22.08235576923077,5.147115384615388,9.260576923076922,0.10942307692307696,0.14399038461538444,54.6153846153846,0.7259615384615385,0.9903846153846154,0.4897928895552979,51.02071104447021,0.5102071104447021,50
COVID-19_forecast_model,2023-12-23,42.463509615384616,23.72408653846154,13.841346153846155,4.898076923076923,0.10750000000000003,-0.07860576923076917,69.2548076923077,0.7067307692307693,1,0.45463133379744003,54.536866620256,0.54536866620256,51
COVID-19_forecast_model,2023-12-30,59.84942307692308,26.28403846153846,30.874038461538458,2.6913461538461534,0.09019230769230771,-0.2545673076923077,101.55769230769228,0.6682692307692307,1,0.44657599890900895,55.3424001090991,0.553424001090991,52
COVID-19_forecast_model,2024-01-06,57.89721153846154,29.469326923076924,15.632692307692306,12.79519230769231,0.06903846153846155,0.07379807692307692,95.57211538461537,0.6201923076923077,1,0.5256503783751805,47.43496216248195,0.47434962162481953,1
COVID-19_forecast_model,2024-01-13,65.37990384615385,29.976057692307695,3.8557692307692317,31.548076923076923,-0.012692307692307668,0.4737980769230769,113.36538461538461,0.4663461538461538,0.951923076923077,0.852816177723502,14.718382227649796,0.14718382227649796,2
COVID-19_forecast_model,2024-01-20,85.68399038461538,28.69360576923077,1.049038461538462,55.941346153846155,-0.15307692307692305,0.7286057692307693,147.83653846153845,0.25,0.8125,0.903666997386291,9.633300261370902,0.09633300261370902,3
COVID-19_forecast_model,2024-01-27,69.60447115384616,25.138125000000002,2.0144230769230758,42.45192307692307,-0.06942307692307689,0.5420673076923077,119.11057692307693,0.423076923076923,0.8509615384615385,0.5959187644472814,40.40812355527186,0.4040812355527186,4
COVID-19_forecast_model,2024-02-03,44.28298076923077,20.461826923076924,4.867307692307693,18.953846153846154,0.021923076923076955,0.2798076923076923,76.45192307692307,0.5336538461538461,0.9663461538461539,0.35681192230927106,64.31880776907289,0.6431880776907289,5
COVID-19_forecast_model,2024-02-10,32.00649038461538,16.67860576923077,11.320192307692308,4.007692307692307,0.07288461538461538,-0.21658653846153839,53.293269230769226,0.6298076923076922,0.9903846153846154,0.3084088431094445,69.15911568905555,0.6915911568905555,6
COVID-19_forecast_model,2024-02-17,35.838269230769235,14.250769230769231,21.016346153846158,0.5711538461538468,0.05076923076923078,-0.4427884615384616,62.197115384615394,0.5817307692307693,0.9855769230769231,0.46119675798501597,53.8803242014984,0.538803242014984,7
COVID-19_forecast_model,2024-02-24,34.23778846153846,12.947403846153847,20.83076923076923,0.45961538461538437,0.0036538461538461403,-0.5466346153846156,57.25,0.5048076923076922,0.9471153846153846,0.5199151277814593,48.00848722185407,0.4800848722185407,8
COVID-19_forecast_model,2024-03-02,26.17966346153846,12.150817307692307,12.565384615384614,1.4634615384615386,0.02576923076923079,-0.29182692307692304,42.25,0.5432692307692307,0.9663461538461539,0.4033619512910631,59.663804870893685,0.5966380487089369,9
COVID-19_forecast_model,2024-03-09,20.884471153846153,11.451778846153847,6.543269230769231,2.889423076923076,0.06326923076923079,-0.22620192307692316,32.03846153846153,0.6009615384615385,0.9903846153846154,0.30921251102045527,69.07874889795447,0.6907874889795447,10
COVID-19_forecast_model,2024-03-16,19.269807692307694,10.825576923076923,0.7163461538461542,7.727884615384616,0.07576923076923077,0.40240384615384606,33.01923076923077,0.6394230769230771,0.9951923076923077,0.253585185789484,74.64148142105161,0.746414814210516,11
COVID-19_forecast_model,2024-03-23,21.46908653846154,10.09889423076923,0.26250000000000034,11.107692307692307,-0.0049999999999999255,0.5687499999999999,37.96634615384615,0.44711538461538447,0.9855769230769231,0.2915076525042196,70.84923474957805,0.7084923474957805,12
COVID-19_forecast_model,2024-03-30,22.989375000000003,9.189375,0.12019230769230782,13.679807692307692,-0.04249999999999997,0.6634615384615384,42.0673076923077,0.3846153846153844,0.951923076923077,0.34732862830601724,65.26713716939827,0.6526713716939827,13
COVID-19_forecast_model,2024-04-06,20.89894230769231,8.398942307692307,0.24134615384615396,12.258653846153845,-0.031923076923076894,0.6326923076923078,37.34615384615386,0.4182692307692307,0.9375,0.3759173898504324,62.40826101495676,0.6240826101495676,14
COVID-19_forecast_model,2024-04-13,20.350480769230767,7.6350961538461535,0.19230769230769246,12.523076923076923,-0.041538461538461496,0.5853365384615385,36.48076923076923,0.375,0.9567307692307693,0.4162068404824539,58.379315951754606,0.5837931595175461,15
COVID-19_forecast_model,2024-04-20,20.734615384615385,7.030769230769231,0.07019230769230772,13.633653846153846,-0.09153846153846147,0.71875,37.673076923076934,0.2788461538461538,0.9326923076923078,0.476346838660957,52.365316133904294,0.5236531613390429,16
COVID-19_forecast_model,2024-04-27,20.62610576923077,6.433798076923077,0.20576923076923076,13.986538461538462,-0.0771153846153846,0.6182692307692307,36.53846153846153,0.3557692307692307,0.8942307692307693,0.5032902769506219,49.67097230493781,0.4967097230493781,17
Influenza_forecast_model,2022-09-17,2.123846153846154,0.8969230769230769,0.8038461538461539,0.42307692307692313,0.1007692307692308,0.03557692307692307,3.903846153846154,0.6346153846153846,1,0.6205823635322409,37.941763646775904,0.37941763646775906,37
Influenza_forecast_model,2022-09-24,1.9927884615384617,1.0274038461538462,0.7153846153846154,0.24999999999999997,0.1430769230769231,-0.14807692307692313,3.346153846153846,0.7115384615384616,1,0.5884487144457924,41.15512855542076,0.4115512855542076,38
Influenza_forecast_model,2022-10-01,3.2016666666666667,1.1670512820512822,1.9435897435897438,0.091025641025641,0.06871794871794876,-0.3631410256410257,5.416666666666667,0.6025641025641026,0.9423076923076923,0.7526643261365089,24.733567386349108,0.2473356738634911,39
Influenza_forecast_model,2022-10-08,6.62423076923077,1.3482692307692308,5.160576923076923,0.11538461538461535,-0.04730769230769225,-0.4430288461538462,11.697115384615383,0.43269230769230776,0.8798076923076923,0.9012247614914914,9.877523850850856,0.09877523850850857,40
Influenza_forecast_model,2022-10-15,8.786778846153847,1.565625,7.1163461538461545,0.10480769230769234,-0.041538461538461496,-0.5334134615384616,14.971153846153847,0.43269230769230776,0.8605769230769229,0.8431188326966583,15.688116730334167,0.15688116730334167,41
Influenza_forecast_model,2022-10-22,13.988365384615387,1.893173076923077,12.036538461538463,0.05865384615384614,-0.13000000000000003,-0.673076923076923,22.264423076923073,0.33653846153846145,0.75,0.8203861358501807,17.961386414981927,0.17961386414981928,42
Influenza_forecast_model,2022-10-29,35.86951923076923,2.4483653846153848,33.34519230769231,0.07596153846153837,-0.2973076923076923,-0.7795673076923076,50.903846153846146,0.16826923076923078,0.5288461538461539,0.8476296524850765,15.23703475149235,0.1523703475149235,43
Influenza_forecast_model,2022-11-05,53.5845673076923,3.7884134615384615,49.74038461538461,0.055769230769230765,-0.32423076923076916,-0.842548076923077,74.66346153846156,0.13942307692307693,0.4903846153846155,0.7196706038915177,28.032939610848228,0.2803293961084823,44
Influenza_forecast_model,2022-11-12,61.90822115384615,6.251490384615384,55.32211538461539,0.33461538461538454,-0.24634615384615383,-0.7608173076923077,88.05288461538461,0.21634615384615377,0.6057692307692307,0.6181057556865125,38.18942443134875,0.38189424431348745,45
Influenza_forecast_model,2022-11-19,69.08788461538462,10.183076923076923,56.59038461538462,2.3144230769230765,-0.17903846153846156,-0.6057692307692307,100.48557692307688,0.3028846153846156,0.6971153846153846,0.5656254500815511,43.437454991844895,0.4343745499184489,46
Influenza_forecast_model,2022-11-26,118.45673076923076,16.010576923076922,100.19230769230771,2.2538461538461534,-0.22999999999999998,-0.6774038461538462,176.875,0.2259615384615385,0.6490384615384615,0.5211920183153783,47.88079816846217,0.4788079816846217,47
Influenza_forecast_model,2022-12-03,153.05427884615384,24.723509615384614,126.12884615384615,2.201923076923078,-0.20211538461538464,-0.6538461538461539,236.77884615384613,0.25,0.6923076923076922,0.4459205623066937,55.40794376933063,0.5540794376933063,48
Influenza_forecast_model,2022-12-10,113.52004807692308,34.94408653846154,55.41153846153847,23.164423076923082,-0.11076923076923079,-0.14759615384615377,187.27403846153842,0.33653846153846145,0.8365384615384615,0.4740694109787054,52.593058902129464,0.5259305890212946,49
Influenza_forecast_model,2022-12-17,126.58177884615384,44.79427884615385,23.338461538461544,58.44903846153846,-0.09057692307692307,0.23221153846153855,216.1971153846154,0.3461538461538462,0.875,0.7059385215613884,29.406147843861163,0.29406147843861163,50
Influenza_forecast_model,2022-12-24,138.93596153846156,52.634038461538466,7.200961538461548,79.10096153846155,-0.07134615384615382,0.42884615384615377,238.25,0.375,0.8942307692307693,0.9810193827896126,1.8980617210387352,0.01898061721038735,51
Influenza_forecast_model,2022-12-31,110.90447115384616,49.68716346153846,4.397115384615386,56.82019230769231,0.02192307692307694,0.2995192307692307,186.78846153846158,0.5384615384615385,0.9615384615384616,0.9687809988216824,3.121900117831755,0.03121900117831755,52
Influenza_forecast_model,2023-01-07,80.21105769230769,36.28605769230769,1.3653846153846165,42.559615384615384,-0.020384615384615362,0.5956730769230769,138.44230769230774,0.44230769230769235,0.951923076923077,0.5661473315830369,43.385266841696314,0.4338526684169631,1
Influenza_forecast_model,2023-01-14,91.63764423076923,27.14533653846154,0.04519230769230779,64.44711538461539,-0.27999999999999997,0.9197115384615384,158.18269230769226,0.07211538461538464,0.6778846153846154,0.44331633476324317,55.66836652367569,0.5566836652367568,2
Influenza_forecast_model,2023-01-21,73.40697115384616,19.832932692307693,0.05096153846153844,53.52307692307692,-0.29153846153846147,0.8711538461538462,122.53365384615387,0.125,0.5961538461538461,0.3525102198852466,64.74897801147534,0.6474897801147534,3
Influenza_forecast_model,2023-01-28,51.03673076923077,14.014615384615384,0.08173076923076926,36.940384615384616,-0.21557692307692308,0.7709134615384615,84.41826923076923,0.2259615384615385,0.6826923076923077,0.29903118475146795,70.0968815248532,0.700968815248532,4
Influenza_forecast_model,2023-02-04,30.10096153846154,9.427884615384615,0.24903846153846165,20.424038461538462,-0.1588461538461538,0.646875,50.02884615384615,0.2836538461538461,0.7596153846153845,0.24879686080575544,75.12031391942445,0.7512031391942444,5
Influenza_forecast_model,2023-02-11,13.703125,6.110817307692308,0.33749999999999997,7.2548076923076925,-0.044423076923076954,0.5569711538461538,22.84615384615385,0.4038461538461538,0.9278846153846154,0.22072380233330433,77.92761976666957,0.7792761976666956,6
Influenza_forecast_model,2023-02-18,9.937932692307692,5.009086538461538,0.2124999999999999,4.716346153846154,-0.001153846153846117,0.5586538461538462,16.317307692307697,0.485576923076923,0.9375,0.36961237054645085,63.03876294535491,0.6303876294535491,7
Influenza_forecast_model,2023-02-25,8.932211538461537,4.4870192307692305,0.07980769230769234,4.365384615384616,0.028653846153846186,0.5540865384615384,14.735576923076922,0.5288461538461537,0.9567307692307693,0.5325827540319977,46.741724596800225,0.46741724596800227,8
Influenza_forecast_model,2023-03-04,9.027451923076923,4.219759615384615,0.21346153846153845,4.594230769230769,0.010384615384615452,0.5778846153846154,15.423076923076922,0.4711538461538462,0.9807692307692307,0.6901685025483038,30.983149745169626,0.30983149745169625,9
Influenza_forecast_model,2023-03-11,8.896778846153845,4.034278846153846,0.1826923076923075,4.679807692307692,-0.01076923076923075,0.5396634615384616,15.149038461538463,0.423076923076923,0.9855769230769231,0.7877148787091497,21.228512129085033,0.21228512129085034,10
Influenza_forecast_model,2023-03-18,7.294903846153846,3.7324038461538462,0.2692307692307693,3.2932692307692313,0.03923076923076923,0.41995192307692314,11.975961538461537,0.5288461538461539,0.9951923076923077,0.7271115067121198,27.28884932878802,0.27288849328788023,11
Influenza_forecast_model,2023-03-25,7.112548076923077,3.4808173076923077,0.29711538461538456,3.3346153846153848,0.03057692307692312,0.4444711538461538,12.014423076923078,0.5288461538461539,0.9759615384615385,0.751400908669838,24.8599091330162,0.248599091330162,12
Influenza_forecast_model,2023-04-01,6.582740384615384,3.2240865384615383,0.38942307692307704,2.96923076923077,0.033461538461538494,0.3624999999999999,10.754807692307693,0.548076923076923,0.9615384615384615,0.701732796828951,29.826720317104904,0.29826720317104904,13
Influenza_forecast_model,2023-04-08,5.911826923076923,3.011826923076923,0.22692307692307684,2.6730769230769234,0.07000000000000005,0.3850961538461538,9.375,0.6057692307692307,0.9711538461538461,0.6465398095384816,35.346019046151845,0.35346019046151844,14
Influenza_forecast_model,2023-04-15,5.908942307692308,2.842596153846154,0.23076923076923087,2.835576923076923,0.056538461538461544,0.4473557692307693,10.03365384615385,0.5625,0.9807692307692307,0.6449906701044699,35.500932989553014,0.35500932989553013,15
Influenza_forecast_model,2023-04-22,4.862067307692308,2.545721153846154,0.19903846153846155,2.117307692307693,0.045000000000000026,0.47692307692307684,7.802884615384617,0.5625,0.9567307692307693,0.564070515410509,43.592948458949095,0.43592948458949093,16
Influenza_forecast_model,2023-04-29,4.2059134615384615,2.2453365384615385,0.2769230769230769,1.6836538461538462,0.05461538461538463,0.35673076923076924,6.600961538461538,0.576923076923077,0.9615384615384615,0.49989396206143416,50.010603793856575,0.5001060379385658,17
Influenza_forecast_model,2023-05-06,3.412067307692308,1.9389903846153846,0.5451923076923079,0.9278846153846152,0.0863461538461539,0.13269230769230764,5.211538461538463,0.625,1,0.421029725262603,57.897027473739705,0.578970274737397,18
Influenza_forecast_model,2023-05-13,2.779326923076923,1.697596153846154,0.8576923076923076,0.22403846153846158,0.15461538461538465,-0.12019230769230761,4.004807692307692,0.7596153846153846,0.9903846153846154,0.3711100245122977,62.888997548770234,0.6288899754877023,19
Influenza_forecast_model,2023-05-20,2.8099358974358974,1.6509615384615384,0.9487179487179488,0.21025641025641026,0.1571794871794872,-0.13397435897435897,4.461538461538463,0.7948717948717949,1,0.3489957587752601,65.10042412247398,0.6510042412247398,20
Influenza_forecast_model,2023-05-27,3.622115384615385,1.5663461538461538,1.8499999999999999,0.20576923076923076,0.09115384615384617,-0.2860576923076923,6.413461538461538,0.6057692307692307,1,0.4162738696197736,58.372613038022635,0.5837261303802264,21
Influenza_forecast_model,2023-06-03,4.245961538461539,1.511346153846154,2.5153846153846158,0.2192307692307692,0.09692307692307693,-0.26730769230769236,7.634615384615383,0.6346153846153846,0.9807692307692307,0.46170046620612654,53.82995337938734,0.5382995337938734,22
Influenza_forecast_model,2023-09-16,2.4725,1.1340384615384616,0.7115384615384615,0.6269230769230769,0.03923076923076926,0.048076923076923066,3.9615384615384617,0.5384615384615384,0.9615384615384616,0.5263357781647646,47.36642218352354,0.4736642218352354,37
Influenza_forecast_model,2023-09-23,2.9659615384615385,1.331346153846154,1.1692307692307693,0.46538461538461573,0.0680769230769231,-0.2480769230769231,4.865384615384616,0.5961538461538461,0.9423076923076923,0.5169416754359113,48.30583245640887,0.4830583245640887,38
Influenza_forecast_model,2023-09-30,2.9747435897435897,1.6657692307692307,1.0179487179487179,0.2910256410256411,0.12512820512820516,-0.27371794871794863,4.519230769230767,0.6987179487179486,0.9935897435897436,0.4790466987406079,52.09533012593921,0.5209533012593921,39
Influenza_forecast_model,2023-10-07,4.056682692307692,2.0787980769230767,0.914423076923077,1.0634615384615385,0.0671153846153847,-0.0064903846153846634,6.649038461538465,0.6009615384615385,0.9615384615384615,0.5837702502416683,41.62297497583317,0.4162297497583317,40
Influenza_forecast_model,2023-10-14,4.027836538461538,2.4191826923076922,0.49711538461538457,1.1115384615384618,0.09019230769230768,0.1406249999999999,5.725961538461539,0.625,0.9951923076923077,0.5874185348513059,41.25814651486941,0.4125814651486941,41
Influenza_forecast_model,2023-10-21,5.148365384615385,2.844519230769231,0.8692307692307697,1.4346153846153846,0.0786538461538461,0.15721153846153837,7.519230769230767,0.6346153846153844,0.971153846153846,0.632455294317095,36.7544705682905,0.367544705682905,42
Influenza_forecast_model,2023-10-28,6.19326923076923,3.333653846153846,0.5298076923076924,2.329807692307692,0.07576923076923078,0.3572115384615386,9.125,0.6057692307692307,0.971153846153846,0.6983303644573732,30.166963554262683,0.3016696355426268,43
Influenza_forecast_model,2023-11-04,6.605,3.894423076923077,0.606730769230769,2.1038461538461544,0.07096153846153858,0.27932692307692336,9.274038461538465,0.605769230769231,0.9903846153846154,0.6361912403680642,36.38087596319358,0.3638087596319358,44
Influenza_forecast_model,2023-11-11,8.318221153846155,4.674951923076923,2.2509615384615427,1.3923076923076922,0.0892307692307693,0.03125000000000001,12.139423076923071,0.6586538461538461,0.9951923076923077,0.5540833041727742,44.59166958272258,0.4459166958272258,45
Influenza_forecast_model,2023-11-18,12.737259615384616,5.7786057692307695,4.031730769230771,2.926923076923076,0.027692307692307735,0.005528846153845917,21.177884615384606,0.5240384615384615,0.9807692307692307,0.5898280600691024,41.01719399308976,0.4101719399308976,46
Influenza_forecast_model,2023-11-25,14.071634615384616,7.129326923076923,3.9644230769230755,2.977884615384615,0.03730769230769229,0.014663461538461578,22.576923076923073,0.5528846153846154,0.9711538461538461,0.5361112591070348,46.388874089296515,0.46388874089296517,47
Influenza_forecast_model,2023-12-02,19.149471153846154,8.894663461538462,6.748076923076924,3.5067307692307694,0.030576923076923106,-0.2524038461538459,33.1875,0.5240384615384615,0.9951923076923077,0.49707204236129,50.292795763871,0.50292795763871,48
Influenza_forecast_model,2023-12-09,23.972115384615385,10.385576923076924,9.90576923076923,3.6807692307692292,0.0017307692307691853,-0.3180288461538462,42.66346153846153,0.49519230769230765,0.951923076923077,0.4933762074458929,50.662379255410706,0.50662379255410706,49
Influenza_forecast_model,2023-12-16,36.388173076923074,11.224711538461538,23.541346153846153,1.622115384615385,-0.06557692307692305,-0.5959134615384615,64.3076923076923,0.4038461538461538,0.8798076923076922,0.49371173729514983,50.628826270485014,0.5062882627048502,50
Influenza_forecast_model,2023-12-23,80.03725961538461,12.415144230769231,66.94711538461539,0.6750000000000005,-0.2636538461538461,-0.7927884615384615,137.28365384615387,0.11057692307692302,0.6778846153846155,0.5678879954890533,43.21120045109467,0.43211200451094667,51
Influenza_forecast_model,2023-12-30,136.47423076923076,14.322307692307692,121.9,0.2519230769230766,-0.3453846153846154,-0.8711538461538462,214.15384615384613,0.08653846153846151,0.5,0.6302547052648583,36.974529473514174,0.3697452947351417,52
Influenza_forecast_model,2024-01-06,92.89591346153847,15.459375000000001,76.80673076923077,0.6298076923076922,-0.21076923076923074,-0.7598557692307693,155.6153846153846,0.23557692307692304,0.6826923076923077,0.6953840247680716,30.46159752319284,0.3046159752319284,1
Influenza_forecast_model,2024-01-13,56.073942307692306,15.137403846153846,40.03173076923077,0.9048076923076919,-0.07999999999999999,-0.6478365384615384,96.1153846153846,0.3798076923076922,0.8653846153846154,0.7659111237883802,23.408887621161977,0.23408887621161978,2
Influenza_forecast_model,2024-01-20,38.790913461538466,13.980336538461538,23.785576923076924,1.025,0.005576923076923073,-0.5072115384615385,70.46634615384613,0.514423076923077,0.9471153846153846,0.5342612928394083,46.573870716059176,0.46573870716059174,3
Influenza_forecast_model,2024-01-27,43.51514423076923,12.57764423076923,30.760576923076925,0.17692307692307715,-0.012692307692307671,-0.6802884615384615,77.07211538461539,0.4663461538461539,0.9471153846153846,0.5496476288142902,45.03523711857098,0.4503523711857098,4
Influenza_forecast_model,2024-02-03,41.32052884615385,11.748413461538462,28.456730769230766,1.1153846153846165,-0.02326923076923081,-0.5209134615384614,69.76442307692307,0.45192307692307704,0.9375,0.475207277176825,52.4792722823175,0.524792722823175,5
Influenza_forecast_model,2024-02-10,42.07802884615384,11.700144230769231,27.955769230769235,2.422115384615387,-0.032884615384615366,-0.44014423076923076,70.73557692307693,0.45673076923076916,0.9038461538461537,0.6080063448684111,39.19936551315889,0.3919936551315889,6
Influenza_forecast_model,2024-02-17,38.00692307692308,12.134807692307692,23.32980769230769,2.542307692307691,-0.007884615384615391,-0.39399038461538444,64.63942307692307,0.5048076923076922,0.9230769230769229,0.7535919505893822,24.640804941061777,0.24640804941061778,7
Influenza_forecast_model,2024-02-24,36.92831730769231,12.673509615384615,19.967307692307685,4.287500000000001,0.012307692307692315,-0.24831730769230767,62.225961538461554,0.5192307692307693,0.9567307692307693,0.7898690096114567,21.01309903885433,0.21013099038854333,8
Influenza_forecast_model,2024-03-02,33.29653846153846,12.964807692307692,16.793269230769226,3.5384615384615383,0.05461538461538463,-0.2752403846153846,58.37980769230768,0.5961538461538461,0.9855769230769231,0.790947127608003,20.905287239199698,0.209052872391997,9
Influenza_forecast_model,2024-03-09,26.48442307692308,13.674807692307692,5.847115384615383,6.9624999999999995,0.08153846153846159,0.0675480769230769,43.1826923076923,0.6490384615384615,1,0.7812237689372149,21.87762310627851,0.2187762310627851,10
Influenza_forecast_model,2024-03-16,27.157740384615384,13.649086538461539,0.7442307692307691,12.764423076923077,0.07096153846153846,0.3353365384615384,45.54326923076922,0.610576923076923,1,0.661496624170776,33.85033758292239,0.3385033758292239,11
Influenza_forecast_model,2024-03-23,30.315096153846156,12.759326923076923,0.43557692307692336,17.120192307692307,0.008461538461538467,0.5733173076923077,53.509615384615394,0.49519230769230776,0.9711538461538461,0.5957151290940379,40.42848709059621,0.40428487090596205,12
Influenza_forecast_model,2024-03-30,24.001346153846153,11.266730769230769,0.35480769230769227,12.379807692307693,0.04788461538461541,0.4939903846153846,40.884615384615394,0.576923076923077,0.9759615384615385,0.5341043888046456,46.58956111953544,0.4658956111953544,13
Influenza_forecast_model,2024-04-06,17.749951923076924,9.267259615384615,0.7855769230769228,7.697115384615384,0.06134615384615384,0.3867788461538461,28.980769230769234,0.6153846153846155,0.9759615384615385,0.47087104211144276,52.91289578885572,0.5291289578885572,14
Influenza_forecast_model,2024-04-13,15.133413461538462,7.605528846153846,0.38365384615384607,7.144230769230769,-0.0021153846153846136,0.5194711538461537,24.533653846153847,0.5288461538461539,0.8990384615384615,0.44310587966105,55.689412033895,0.55689412033895,15
Influenza_forecast_model,2024-04-20,15.066971153846154,6.294855769230769,0.08173076923076929,8.690384615384616,-0.024230769230769177,0.6487980769230769,26.014423076923073,0.4326923076923078,0.9375,0.45210677886259526,54.78932211374048,0.5478932211374048,16
Influenza_forecast_model,2024-04-27,14.034086538461539,5.307163461538462,0.44423076923076854,8.282692307692308,-0.04730769230769231,0.5567307692307693,24.144230769230766,0.3798076923076923,0.9375,0.45909809525379847,54.09019047462016,0.5409019047462016,17
RSV_forecast_model,2022-09-17,4.4725,1.0058333333333334,3.3666666666666667,0.1,-0.029999999999999985,-0.4833333333333333,8,0.41666666666666663,0.9166666666666666,0.7331796531040894,26.68203468959106,0.2668203468959106,37
RSV_forecast_model,2022-09-24,4.608333333333333,1.35,3.1333333333333333,0.125,-0.07999999999999999,-0.7458333333333333,8.375,0.375,0.875,0.7869297312068253,21.30702687931747,0.2130702687931747,38
RSV_forecast_model,2022-10-01,5.922777777777778,1.633888888888889,4.166666666666667,0.12222222222222223,-0.06888888888888887,-0.5402777777777777,9.833333333333332,0.38888888888888895,0.8611111111111112,0.7515830017296659,24.841699827033416,0.24841699827033417,39
RSV_forecast_model,2022-10-08,8.810625,2.002291666666667,6.695833333333334,0.11250000000000006,-0.10499999999999998,-0.7124999999999999,14.208333333333334,0.3125,0.8541666666666667,0.7458287561433613,25.417124385663868,0.2541712438566387,40
RSV_forecast_model,2022-10-15,18.705625,2.6097916666666667,15.904166666666667,0.19166666666666676,-0.23833333333333334,-0.8239583333333333,29.145833333333332,0.125,0.7291666666666667,0.6606863548024211,33.93136451975789,0.3393136451975789,41
RSV_forecast_model,2022-10-22,17.912708333333335,3.504375,13.320833333333333,1.0875000000000004,-0.16749999999999995,-0.6552083333333333,30.125,0.20833333333333331,0.8125,0.5464980764319514,45.35019235680486,0.45350192356804864,42
RSV_forecast_model,2022-10-29,20.970208333333336,4.686875,14.7375,1.5458333333333327,-0.10083333333333332,-0.5927083333333333,37.08333333333333,0.29166666666666663,0.8958333333333334,0.4986409991425565,50.13590008574435,0.5013590008574436,43
RSV_forecast_model,2022-11-05,24.232916666666668,6.32875,16.066666666666666,1.8375000000000006,-0.12999999999999995,-0.4854166666666667,42.22916666666667,0.29166666666666663,0.8333333333333333,0.46500270509532204,53.49972949046779,0.534997294904678,44
RSV_forecast_model,2022-11-12,26.17083333333333,8.320833333333333,13.995833333333334,3.854166666666667,-0.04249999999999998,-0.19999999999999996,44.875,0.39583333333333337,0.9375,0.48182615358972614,51.81738464102739,0.5181738464102739,45
RSV_forecast_model,2022-11-19,23.241458333333334,9.9747916666666665,5.945833333333334,7.320833333333333,-0.054999999999999986,0.20104166666666667,41.25,0.375,0.9375,0.6234177987592382,37.65822012407618,0.3765822012407618,46
RSV_forecast_model,2022-11-26,28.803541666666668,11.491041666666668,2.4625000000000004,14.850000000000001,-0.08833333333333335,0.46979166666666666,50.8125,0.3125,0.9166666666666666,0.9031797672640102,9.682023273598983,0.09682023273598983,47
RSV_forecast_model,2022-12-03,24.92625,12.234583333333333,1.0708333333333335,11.620833333333334,0.0075000000000000205,0.44791666666666663,42.125,0.45833333333333337,1,1.0154809677554457,-1.5480967755445718,-0.015480967755445718,48
RSV_forecast_model,2022-12-10,28.733124999999998,11.887291666666666,0.2416666666666667,16.604166666666668,-0.038333333333333296,0.6677083333333333,50.354166666666664,0.35416666666666663,1,1.0995254604389768,-9.95254604389768,-0.0995254604389768,49
RSV_forecast_model,2022-12-17,27.55666666666667,10.356666666666667,0,17.2,-0.15499999999999997,0.8885416666666667,48.95833333333333,0.14583333333333331,0.9166666666666667,0.8753274636461892,12.46725363538108,0.1246725363538108,50
RSV_forecast_model,2022-12-24,27.617291666666667,8.725625,0,18.891666666666666,-0.23,0.9312499999999999,48.75,0.0625,0.8125,0.751684793281599,24.831520671840103,0.24831520671840102,51
RSV_forecast_model,2022-12-31,19.325833333333332,7.088333333333334,0.125,12.1125,-0.10499999999999998,0.6510416666666666,33.39583333333333,0.3125,0.875,0.6927162195428982,30.72837804571018,0.3072837804571018,52
RSV_forecast_model,2023-01-07,11.039375,5.072708333333334,0.25833333333333325,5.708333333333333,0.01583333333333334,0.5385416666666667,18.625,0.47916666666666663,1,0.5050495887066538,49.495041129334616,0.49495041129334616,1
RSV_forecast_model,2023-01-14,7.32625,3.7012500000000004,0.14583333333333331,3.4791666666666665,0.04500000000000003,0.5739583333333333,12.291666666666668,0.5625,1,0.44789156041959627,55.21084395804037,0.5521084395804037,2
RSV_forecast_model,2023-01-21,6.116875,2.783541666666667,0.21249999999999997,3.120833333333333,-8.33333333333304e-4,0.528125,10.375,0.4583333333333333,0.9791666666666666,0.4456465427810737,55.43534572189264,0.5543534572189264,3
RSV_forecast_model,2023-01-28,3.9406250000000003,2.290625,0.18750000000000006,1.4625,0.1116666666666667,0.48750000000000004,6.125,0.7083333333333334,1,0.43985302637489126,56.01469736251088,0.5601469736251088,4
RSV_forecast_model,2023-02-04,4.069375,1.8777083333333333,0.06250000000000001,2.129166666666667,0.03250000000000002,0.5812499999999999,7.083333333333334,0.5208333333333333,0.9791666666666666,0.4347455191638798,56.52544808361202,0.5652544808361202,5
RSV_forecast_model,2023-02-11,2.529166666666667,1.5166666666666666,0.20833333333333331,0.8041666666666667,0.11583333333333337,0.34270833333333334,3.8125,0.6875,1,0.4003831534320709,59.961684656792904,0.599616846567929,6
RSV_forecast_model,2023-02-18,2.690208333333333,1.2777083333333334,0.6833333333333333,0.7291666666666669,0.07416666666666667,0.02604166666666659,4.520833333333333,0.625,0.9791666666666666,0.5625931954745198,43.74068045254802,0.4374068045254802,7
RSV_forecast_model,2023-02-25,2.092083333333333,1.1170833333333334,0.1416666666666667,0.8333333333333334,0.07416666666666673,0.5072916666666667,3.416666666666667,0.6041666666666666,1,0.4758562723059831,52.41437276940169,0.5241437276940168,8
RSV_forecast_model,2023-03-04,1.8731250000000002,0.9689583333333334,0.2916666666666667,0.6124999999999999,0.12416666666666668,0.10104166666666661,3.1458333333333335,0.6875,1,0.453400601963929,54.6599398036071,0.546599398036071,9
RSV_forecast_model,2023-03-11,1.763125,0.8839583333333334,0.32083333333333336,0.5583333333333333,0.0866666666666667,0.1999999999999999,2.979166666666667,0.625,1,0.4973766481966034,50.26233518033967,0.5026233518033967,10
RSV_forecast_model,2023-03-18,1.746875,0.7927083333333333,0.5749999999999998,0.37916666666666665,0.09916666666666668,-0.010416666666666675,3.0208333333333335,0.625,1,0.5369111132029872,46.308888679701276,0.46308888679701277,11
RSV_forecast_model,2023-03-25,1.0810416666666667,0.6852083333333334,0.12083333333333333,0.27499999999999997,0.18250000000000005,0.1614583333333333,1.6875,0.8541666666666667,1,0.3617988947934274,63.82011052065726,0.6382011052065726,12
RSV_forecast_model,2023-04-01,1.0791666666666666,0.65,0.08333333333333333,0.3458333333333333,0.19083333333333338,0.18958333333333335,1.6458333333333333,0.8333333333333333,1,0.3840175467894328,61.59824532105672,0.6159824532105672,13
RSV_forecast_model,2023-04-08,0.998125,0.5897916666666667,0.07500000000000001,0.33333333333333337,0.19083333333333335,0.20104166666666662,1.4583333333333333,0.7708333333333333,1,0.3745739543094893,62.54260456905107,0.6254260456905107,14
RSV_forecast_model,2023-04-15,1.0141666666666667,0.5183333333333333,0.11250000000000003,0.3833333333333334,0.09916666666666668,0.2479166666666666,1.6458333333333333,0.625,1,0.39075104975556213,60.924895024443785,0.6092489502444378,15
RSV_forecast_model,2023-04-22,1.0672916666666667,0.42562500000000003,0.2749999999999999,0.3666666666666668,0.12833333333333335,0.07500000000000014,1.8333333333333335,0.6458333333333333,0.9791666666666666,0.4296273969285692,57.03726030714308,0.5703726030714308,16
RSV_forecast_model,2023-04-29,0.7214583333333333,0.37145833333333333,0.02916666666666666,0.32083333333333336,0.16583333333333336,0.3291666666666666,1.0833333333333335,0.7083333333333333,1,0.3289332083230487,67.10667916769512,0.6710667916769512,17
RSV_forecast_model,2023-05-06,0.5747916666666667,0.31645833333333334,0.15416666666666667,0.10416666666666664,0.19083333333333338,-0.146875,1,0.8541666666666667,1,0.292749227781702,70.7250772218298,0.707250772218298,18
RSV_forecast_model,2023-05-13,0.7129166666666666,0.27125,0.23750000000000007,0.2041666666666667,0.15333333333333335,0.01874999999999998,1.3333333333333335,0.7083333333333333,1,0.3792945722314879,62.07054277685121,0.6207054277685121,19
RSV_forecast_model,2023-05-20,0.7011111111111111,0.25666666666666665,0.2611111111111111,0.18333333333333335,0.14777777777777779,0.14027777777777772,1.2777777777777775,0.6944444444444443,1,0.34553757048011186,65.44624295198882,0.6544624295198882,20
RSV_forecast_model,2023-05-27,0.45125,0.24291666666666667,0.13333333333333336,0.075,0.24500000000000005,-0.016666666666666715,0.875,0.9166666666666667,1,0.22376535202262618,77.62346479773738,0.7762346479773738,21
RSV_forecast_model,2023-06-03,0.6775,0.26083333333333336,0.2833333333333333,0.13333333333333336,0.17000000000000004,0.004166666666666688,1.25,0.75,1,0.3285337056853862,67.14662943146138,0.6714662943146138,22
RSV_forecast_model,2023-09-16,1.4483333333333335,0.6316666666666666,0.6500000000000001,0.16666666666666669,0.15333333333333335,-0.07499999999999997,2.583333333333333,0.6666666666666666,1,0.6220798906459379,37.7920109354062,0.37792010935406206,37
RSV_forecast_model,2023-09-23,2.15625,0.78125,1.3083333333333333,0.06666666666666668,0.15333333333333335,-0.2791666666666666,4.208333333333334,0.75,1,0.5332276499977784,46.67723500022216,0.4667723500022216,38
RSV_forecast_model,2023-09-30,2.457222222222222,0.9905555555555556,1.3166666666666667,0.15,0.12000000000000005,-0.10277777777777772,4.666666666666666,0.6666666666666667,1,0.4830831608385587,51.691683916144136,0.5169168391614414,39
RSV_forecast_model,2023-10-07,3.538125,1.263125,2.1416666666666666,0.13333333333333336,0.04083333333333339,-0.4895833333333334,5.958333333333334,0.5,0.9166666666666667,0.70615581653179,29.384418346820993,0.29384418346820995,40
RSV_forecast_model,2023-10-14,5.0095833333333335,1.5970833333333334,3.2583333333333333,0.15416666666666665,-0.08000000000000002,-0.5260416666666666,8.1875,0.3125,0.9166666666666667,0.6825206023789293,31.74793976210707,0.3174793976210707,41
RSV_forecast_model,2023-10-21,5.9925,2.08,3.3249999999999997,0.5874999999999999,-0.09666666666666666,-0.3625,10.104166666666666,0.33333333333333337,0.875,0.7502589561300996,24.974104386990035,0.24974104386990034,42
RSV_forecast_model,2023-10-28,5.46125,2.5612500000000002,1.9458333333333335,0.9541666666666666,0.032500000000000015,-0.3093749999999999,9.458333333333334,0.5416666666666667,0.9791666666666666,0.8485373827693686,15.146261723063137,0.15146261723063137,43
RSV_forecast_model,2023-11-04,6.5652083333333335,3.1610416666666663,2,1.4041666666666666,0.028333333333333346,-0.4322916666666667,11.895833333333334,0.5208333333333333,1,0.7805796675550716,21.94203324449284,0.2194203324449284,44
RSV_forecast_model,2023-11-11,9.604583333333332,3.73375,4.745833333333334,1.125,-0.0383333333333333,-0.5875,17.8125,0.35416666666666663,0.9791666666666666,0.6833403469704771,31.665965302952294,0.3166596530295229,45
RSV_forecast_model,2023-11-18,10.159583333333334,4.209583333333334,4.508333333333334,1.441666666666667,-0.009166666666666667,-0.49166666666666664,19.333333333333332,0.41666666666666663,1,0.5800792038212521,41.992079617874786,0.4199207961787479,46
RSV_forecast_model,2023-11-25,11.351875,4.731041666666667,4.2,2.420833333333333,-0.004999999999999994,-0.34270833333333334,20.229166666666664,0.45833333333333337,0.9791666666666666,0.661209239803161,33.87907601968389,0.33879076019683896,47
RSV_forecast_model,2023-12-02,12.574375000000002,5.4660416666666665,6.0458333333333325,1.0625000000000002,0.053333333333333365,-0.4208333333333333,22.708333333333332,0.5833333333333333,1,0.5381570332125288,46.18429667874712,0.46184296678747117,48
RSV_forecast_model,2023-12-09,9.987708333333334,6.229375,2.5458333333333334,1.2125000000000001,0.1366666666666667,-0.26249999999999996,15.75,0.75,1,0.5486805190777486,45.13194809222514,0.4513194809222514,49
RSV_forecast_model,2023-12-16,11.919166666666667,6.548333333333333,3.970833333333333,1.4,0.0825,-0.18750000000000003,19.6875,0.625,1,0.7381578622426154,26.184213775738463,0.26184213775738463,50
RSV_forecast_model,2023-12-23,13.682291666666668,6.553125,5.95,1.1791666666666665,0.057500000000000016,-0.28541666666666665,23.3125,0.5833333333333334,1,0.7546790762818846,24.532092371811544,0.24532092371811542,51
RSV_forecast_model,2023-12-30,13.735208333333333,6.6310416666666665,6.691666666666666,0.4125000000000001,0.06999999999999999,-0.44375000000000003,22.145833333333336,0.6666666666666667,0.9583333333333333,0.8409960079618867,15.900399203811332,0.15900399203811333,52
RSV_forecast_model,2024-01-06,11.072083333333333,6.309583333333333,4.237500000000001,0.5249999999999999,0.12833333333333335,-0.3416666666666666,16.770833333333332,0.75,1,1.061121402512251,-6.112140251225107,-0.061121402512251066,1
RSV_forecast_model,2024-01-13,8.488125,5.754791666666667,0.9874999999999997,1.7458333333333333,0.14083333333333334,0.2145833333333332,11.333333333333332,0.7916666666666666,1,0.5197417347594562,48.02582652405438,0.4802582652405438,2
RSV_forecast_model,2024-01-20,7.183958333333334,5.017291666666667,0.6291666666666668,1.5374999999999999,0.17833333333333337,0.2041666666666667,9.25,0.875,1,0.32218584632373065,67.78141536762693,0.6778141536762693,3
RSV_forecast_model,2024-01-27,6.1154166666666665,4.2404166666666665,0.7124999999999999,1.1625,0.18666666666666668,0.07916666666666672,8.958333333333332,0.9166666666666667,1,0.26985741596155804,73.0142584038442,0.7301425840384419,4
RSV_forecast_model,2024-02-03,5.146041666666667,3.5377083333333332,0.6749999999999999,0.9333333333333333,0.17,0.05833333333333328,7.125,0.875,1,0.24180984704915912,75.81901529508409,0.7581901529508408,5
RSV_forecast_model,2024-02-10,4.495,2.97,0.9874999999999999,0.5375,0.17,-0.011458333333333303,7.166666666666667,0.8541666666666667,1,0.30008898937247575,69.99110106275242,0.6999110106275243,6
RSV_forecast_model,2024-02-17,4.2647916666666665,2.6147916666666666,1.0041666666666667,0.6458333333333331,0.15333333333333335,-0.009375000000000008,6.791666666666666,0.8125,1,0.4265937921984525,57.34062078015475,0.5734062078015475,7
RSV_forecast_model,2024-02-24,4.4,2.316666666666667,1.2041666666666666,0.8791666666666667,0.09500000000000003,0.060416666666666605,7.75,0.6666666666666667,1,0.5213295412670098,47.86704587329902,0.4786704587329902,8
RSV_forecast_model,2024-03-02,3.185208333333333,2.089375,0.3333333333333334,0.7625,0.18666666666666668,0.3291666666666667,4.604166666666666,0.875,1,0.36068665875236366,63.93133412476364,0.6393133412476364,9
RSV_forecast_model,2024-03-09,3.0620833333333333,1.8829166666666666,0.2875,0.8916666666666668,0.13666666666666674,0.21354166666666666,4.354166666666668,0.7708333333333334,1,0.37331168091367667,62.66883190863233,0.6266883190863233,10
RSV_forecast_model,2024-03-16,2.4691666666666667,1.6483333333333334,0.13749999999999998,0.6833333333333333,0.17000000000000004,0.3229166666666667,3.1875,0.7916666666666667,1,0.3474625719722858,65.25374280277141,0.6525374280277141,11
RSV_forecast_model,2024-03-23,3.1033333333333335,1.4200000000000002,0.7250000000000002,0.9583333333333333,0.06166666666666669,0.225,5.375,0.625,0.9583333333333333,0.4229140028895136,57.70859971104865,0.5770859971104865,12
RSV_forecast_model,2024-03-30,2.551875,1.201875,0.3708333333333332,0.9791666666666666,0.00750000000000003,0.4645833333333333,4.291666666666667,0.41666666666666663,1,0.47837188310400786,52.162811689599224,0.5216281168959922,13
RSV_forecast_model,2024-04-06,2.0047916666666667,1.0339583333333333,0.11666666666666667,0.8541666666666666,0.08666666666666668,0.4552083333333333,3.3958333333333335,0.6458333333333333,1,0.39971605345584726,60.02839465441527,0.6002839465441527,14
RSV_forecast_model,2024-04-13,1.5279166666666666,0.87375,0.1375,0.5166666666666667,0.14500000000000005,0.1927083333333333,2.520833333333333,0.7708333333333334,1,0.34220301310727347,65.77969868927265,0.6577969868927265,15
RSV_forecast_model,2024-04-20,1.4641666666666666,0.7183333333333334,0.12916666666666662,0.6166666666666667,0.10750000000000004,0.375,2.5625,0.6666666666666667,1,0.35893676483530945,64.10632351646906,0.6410632351646907,16
RSV_forecast_model,2024-04-27,1.221875,0.5677083333333334,0.1958333333333333,0.4583333333333333,0.12833333333333335,0.14479166666666665,2.1458333333333335,0.6458333333333333,1,0.3604832951505158,63.95167048494842,0.6395167048494842,17
RSV_forecast_model,2024-05-04,1.1641666666666666,0.46416666666666667,0.15416666666666665,0.5458333333333333,0.007500000000000014,0.35520833333333324,2.083333333333333,0.4375,1,0.3892462794476066,61.07537205523934,0.6107537205523934,18
RSV_forecast_model,2024-05-11,1.29,0.39,0.6791666666666666,0.22083333333333338,0.049166666666666727,-0.060416666666666646,2.2916666666666665,0.5208333333333335,0.9791666666666666,0.5309636604259965,46.903633957400345,0.4690363395740034,19
RSV_forecast_model,2024-05-18,0.7525,0.35805555555555557,0.25555555555555554,0.1388888888888889,0.18111111111111117,0.004166666666666694,1.4722222222222223,0.8055555555555556,1,0.3074863299898378,69.25136700101622,0.6925136700101622,20
RSV_forecast_model,2024-05-25,0.6570833333333334,0.33208333333333334,0.2,0.125,0.1866666666666667,0.04583333333333331,1.125,0.8333333333333333,1,0.26465022398554183,73.53497760144582,0.7353497760144582,21
RSV_forecast_model,2024-06-01,0.5641666666666667,0.3141666666666667,0.2166666666666667,0.03333333333333334,0.22000000000000003,-0.24166666666666664,0.9166666666666667,0.8333333333333333,1,0.23883839820825306,76.1161601791747,0.761161601791747,22
