model,reference_date,wis,rel_wis,mae,cov_50,cov_95
CADPH-FluCAT_Ensemble,2023-10-14,15.69,0.77,23.36,25,75
CADPH-FluCAT_Ensemble,2023-10-21,40.67,0.94,49.14,25,50
CADPH-FluCAT_Ensemble,2023-10-28,130.77,1.71,140.76,0,0
CADPH-FluCAT_Ensemble,2023-11-04,188.04,1.49,198.65,0,25
CADPH-FluCAT_Ensemble,2023-11-11,260.7,1.37,281.05,0,0
CADPH-FluCAT_Ensemble,2023-11-18,99.44,0.58,147.5,0,50
CADPH-FluCAT_Ensemble,2023-11-25,76.73,0.44,124.28,0,50
CADPH-FluCAT_Ensemble,2023-12-02,360.54,1.08,415.49,0,0
CADPH-FluCAT_Ensemble,2023-12-09,261.86,0.66,341.11,0,50
CADPH-FluCAT_Ensemble,2023-12-16,245.45,0.62,306.83,50,50
CADPH-FluCAT_Ensemble,2023-12-23,281.85,0.66,412.03,25,50
CADPH-FluCAT_Ensemble,2023-12-30,1424.53,3.99,1625.98,0,0
CADPH-FluCAT_Ensemble,2024-01-06,327.49,0.97,547.23,0,50
CADPH-FluCAT_Ensemble,2024-01-13,89.28,0.29,46.82,100,100
CADPH-FluCAT_Ensemble,2024-01-20,216.18,1.36,402.28,25,100
CADPH-FluCAT_Ensemble,2024-01-27,446.66,3.62,746.86,0,75
CADPH-FluCAT_Ensemble,2024-02-03,110.14,1.49,108.35,100,100
CADPH-FluCAT_Ensemble,2024-02-10,112.7,2.28,23.39,100,100
CADPH-FluCAT_Ensemble,2024-02-17,112.71,2.88,68.59,100,100
CADPH-FluCAT_Ensemble,2024-02-24,174.4,4.03,83.97,100,100
CADPH-FluCAT_Ensemble,2024-03-02,104.45,2.8,46.07,100,100
CADPH-FluCAT_Ensemble,2024-03-09,143.21,2.66,97.77,100,100
CADPH-FluCAT_Ensemble,2024-03-16,37.13,0.8,35.93,100,100
CADPH-FluCAT_Ensemble,2024-03-23,49.14,1.19,94.83,0,100
CADPH-FluCAT_Ensemble,2024-03-30,35.09,1.01,61.7,0,100
CADPH-FluCAT_Ensemble,2024-04-06,19.09,0.45,33.21,25,100
CADPH-FluCAT_Ensemble,2024-04-13,36.01,0.83,60.97,0,66.67
CADPH-FluCAT_Ensemble,2024-04-27,4.63,0.28,2.7,100,100
CMU-TimeSeries,2023-10-14,8.11,0.79,12.23,47.12,94.23
CMU-TimeSeries,2023-10-21,9.57,0.88,14.7,46.81,96.28
CMU-TimeSeries,2023-10-28,14.97,0.95,23.6,40.87,94.71
CMU-TimeSeries,2023-11-04,15.41,1.01,23.78,32.98,95.74
CMU-TimeSeries,2023-11-11,31.16,1.19,48.07,19.12,87.25
CMU-TimeSeries,2023-11-18,26.69,0.92,41.8,25,84.78
CMU-TimeSeries,2023-11-25,35.08,0.9,53,20.11,77.72
CMU-TimeSeries,2023-12-02,68.9,0.89,104.7,19.15,76.06
CMU-TimeSeries,2023-12-09,98.58,0.86,148.27,21.08,71.57
CMU-TimeSeries,2023-12-16,112.51,0.81,166.35,14.53,69.77
CMU-TimeSeries,2023-12-23,71.94,0.7,116.76,22.02,83.33
CMU-TimeSeries,2023-12-30,68.62,1.03,100.26,68.88,95.41
CMU-TimeSeries,2024-01-06,160.92,1.64,297.55,29.5,100
CMU-TimeSeries,2024-01-13,120.65,1.3,218.51,37.5,99.38
CMU-TimeSeries,2024-01-20,47.9,0.8,58.71,77.72,99.46
CMU-TimeSeries,2024-01-27,48.06,1.04,69.51,65.5,99
CMU-TimeSeries,2024-02-03,40.27,0.92,60.67,58.65,98.08
CMU-TimeSeries,2024-02-10,38.36,1.04,61.78,48.08,99.04
CMU-TimeSeries,2024-02-24,26.79,0.87,34.1,70.1,99.51
CMU-TimeSeries,2024-03-02,25.38,0.83,33.16,74.48,98.44
CMU-TimeSeries,2024-03-09,30.34,0.67,48.5,60.58,98.56
CMU-TimeSeries,2024-03-16,26.53,0.63,40.79,54.33,99.52
CMU-TimeSeries,2024-03-30,14.51,0.68,21.01,60.1,99.04
CMU-TimeSeries,2024-04-06,14.06,0.6,20.95,50,99.04
CMU-TimeSeries,2024-04-13,15.98,0.65,23.73,51.06,100
CMU-TimeSeries,2024-04-20,11.69,0.6,18.46,43,99
CMU-TimeSeries,2024-04-27,7.57,0.7,11.9,40.82,93.88
CU-ensemble,2023-10-14,10.61,1.04,15.15,30.29,63.94
CU-ensemble,2023-10-21,11.92,0.99,16.6,35.1,73.08
CU-ensemble,2023-10-28,14.3,0.91,20.88,39.42,74.04
CU-ensemble,2023-11-04,22,1.16,29.1,33.17,72.6
CU-ensemble,2023-11-11,25.15,0.98,31.43,21.15,51.92
CU-ensemble,2023-11-18,23.47,0.71,34.6,29.33,77.4
CU-ensemble,2023-11-25,28.93,0.65,44.03,40.87,86.06
CU-ensemble,2023-12-02,41.66,0.54,58.39,34.13,78.85
CU-ensemble,2023-12-09,70.06,0.6,96.26,25,70.1
CU-ensemble,2023-12-16,94.46,0.66,123.95,20.67,57.21
CU-ensemble,2023-12-23,68.53,0.59,102.17,25.48,77.4
CU-ensemble,2023-12-30,92.33,1.47,131.88,29.33,70.67
CU-ensemble,2024-01-06,205.12,2.14,262,10.58,36.54
CU-ensemble,2024-01-13,93.56,0.96,150.82,22.12,78.37
CU-ensemble,2024-01-20,36.41,0.61,56.56,57.21,97.6
CU-ensemble,2024-01-27,38.37,0.87,59.29,55.77,93.75
CU-ensemble,2024-02-03,36.22,0.83,55.28,54.81,92.31
CU-ensemble,2024-02-10,36.99,1.01,58.01,48.08,93.27
CU-ensemble,2024-02-17,32.2,0.95,50.45,62.02,95.67
CU-ensemble,2024-02-24,29.77,1,44.81,66.83,95.19
CU-ensemble,2024-03-02,26.76,0.84,39.62,73.08,96.63
CU-ensemble,2024-03-09,23.55,0.53,38.54,72.12,99.04
CU-ensemble,2024-03-16,26.57,0.64,44.27,57.69,100
CU-ensemble,2024-03-23,27.29,0.98,43.53,52.4,99.04
CU-ensemble,2024-03-30,14.72,0.69,23.1,66.83,99.04
CU-ensemble,2024-04-06,12.53,0.53,19.82,58.17,98.56
CU-ensemble,2024-04-13,11.42,0.47,17.78,64.74,97.44
CU-ensemble,2024-04-20,9.69,0.51,15.9,56.73,97.12
CU-ensemble,2024-04-27,6.47,0.62,9.8,67.31,96.15
FluSight-baseline,2023-10-14,9.77,1,12.34,88.46,100
FluSight-baseline,2023-10-21,11.91,1,17.7,77.88,100
FluSight-baseline,2023-10-28,15.77,1,24.73,74.52,98.08
FluSight-baseline,2023-11-04,19.39,1,30.99,41.83,97.12
FluSight-baseline,2023-11-11,25.76,1,40.71,31.73,97.12
FluSight-baseline,2023-11-18,32.32,1,49.96,23.08,93.75
FluSight-baseline,2023-11-25,43.3,1,64.85,12.98,92.79
FluSight-baseline,2023-12-02,75.41,1,102.19,10.1,82.69
FluSight-baseline,2023-12-09,114.97,1,145.86,6.86,64.71
FluSight-baseline,2023-12-16,139.36,1,173.79,5.29,51.44
FluSight-baseline,2023-12-23,115.27,1,147.25,6.25,54.81
FluSight-baseline,2023-12-30,64.45,1,87.22,16.35,75.96
FluSight-baseline,2024-01-06,94.43,1,127.22,11.54,77.4
FluSight-baseline,2024-01-13,97.05,1,131.32,10.1,65.38
FluSight-baseline,2024-01-20,59.75,1,87.34,15.38,88.46
FluSight-baseline,2024-01-27,44.27,1,65.76,17.31,94.71
FluSight-baseline,2024-02-03,43.34,1,64.03,22.12,92.79
FluSight-baseline,2024-02-10,36.25,1,54.1,24.52,94.23
FluSight-baseline,2024-02-17,33.79,1,49.62,31.25,94.71
FluSight-baseline,2024-02-24,30.53,1,45.91,32.21,98.08
FluSight-baseline,2024-03-02,32.59,1,48.23,35.58,96.15
FluSight-baseline,2024-03-09,46.28,1,68.62,24.04,91.83
FluSight-baseline,2024-03-16,42.96,1,63.96,20.67,92.79
FluSight-baseline,2024-03-23,28.21,1,43.67,24.04,97.6
FluSight-baseline,2024-03-30,21.58,1,33.81,37.5,99.04
FluSight-baseline,2024-04-06,23.97,1,38.04,25.48,100
FluSight-baseline,2024-04-13,24.93,1,38.22,28.85,99.36
FluSight-baseline,2024-04-20,18.92,1,28.89,34.62,100
FluSight-baseline,2024-04-27,10.55,1,16.06,32.69,100
FluSight-ensemble,2023-10-14,7.38,0.72,11.19,74.04,99.52
FluSight-ensemble,2023-10-21,9.16,0.76,14.84,64.42,97.12
FluSight-ensemble,2023-10-28,11.9,0.76,18.74,52.4,95.19
FluSight-ensemble,2023-11-04,16.6,0.87,25.71,44.23,94.71
FluSight-ensemble,2023-11-11,23.1,0.91,34.93,34.62,88.46
FluSight-ensemble,2023-11-18,22.88,0.7,37.68,37.02,90.38
FluSight-ensemble,2023-11-25,28.63,0.65,43.83,42.79,89.9
FluSight-ensemble,2023-12-02,53.33,0.7,78.73,27.4,77.88
FluSight-ensemble,2023-12-09,72.54,0.63,106.56,28.92,71.08
FluSight-ensemble,2023-12-16,87.86,0.63,127.47,23.56,71.63
FluSight-ensemble,2023-12-23,65.45,0.57,98.24,35.58,75
FluSight-ensemble,2023-12-30,65.33,1.03,108.11,52.88,91.35
FluSight-ensemble,2024-01-06,111.5,1.17,191.34,28.85,88.46
FluSight-ensemble,2024-01-13,62.83,0.64,101.88,36.06,98.08
FluSight-ensemble,2024-01-20,32.2,0.53,46.58,73.56,98.56
FluSight-ensemble,2024-01-27,43.64,0.97,72.24,46.15,93.27
FluSight-ensemble,2024-02-03,41.7,0.93,64.6,47.6,91.83
FluSight-ensemble,2024-02-10,40.33,1.08,63.25,46.15,95.19
FluSight-ensemble,2024-02-17,32.95,0.92,54.38,46.15,97.12
FluSight-ensemble,2024-02-24,23.87,0.78,32.88,66.35,97.12
FluSight-ensemble,2024-03-02,21.15,0.65,30.32,68.27,98.08
FluSight-ensemble,2024-03-09,24.2,0.52,39.9,66.35,99.52
FluSight-ensemble,2024-03-16,21.27,0.5,33.65,62.5,100
FluSight-ensemble,2024-03-23,15.1,0.54,21.96,76.92,100
FluSight-ensemble,2024-03-30,12.75,0.59,18.36,75,100
FluSight-ensemble,2024-04-06,12.14,0.51,17.77,72.6,99.52
FluSight-ensemble,2024-04-13,13.04,0.53,21.26,62.18,99.36
FluSight-ensemble,2024-04-20,10.44,0.55,16.92,58.65,99.04
FluSight-ensemble,2024-04-27,6.83,0.65,10.99,59.62,100
FluSight-lop_norm,2023-10-14,8.49,0.84,11.35,77.88,100
FluSight-lop_norm,2023-10-21,9.75,0.8,15.47,73.08,100
FluSight-lop_norm,2023-10-28,12.46,0.8,21.04,58.17,100
FluSight-lop_norm,2023-11-04,15.95,0.83,25.58,54.33,100
FluSight-lop_norm,2023-11-11,21.84,0.85,35.48,42.79,98.56
FluSight-lop_norm,2023-11-18,23.2,0.71,38.51,53.37,100
FluSight-lop_norm,2023-11-25,28.83,0.66,43.31,45.19,98.56
FluSight-lop_norm,2023-12-02,47.91,0.63,78.35,32.21,97.6
FluSight-lop_norm,2023-12-09,65.12,0.56,106.15,34.8,93.63
FluSight-lop_norm,2023-12-16,79.97,0.57,128.12,30.77,94.71
FluSight-lop_norm,2023-12-23,65.14,0.57,98.61,45.19,95.19
FluSight-lop_norm,2023-12-30,67.75,1.07,102.29,61.06,99.04
FluSight-lop_norm,2024-01-06,106.35,1.12,177.53,38.94,100
FluSight-lop_norm,2024-01-13,68.21,0.7,102.37,49.04,99.52
FluSight-lop_norm,2024-01-20,39.43,0.65,47.75,80.29,100
FluSight-lop_norm,2024-01-27,44.91,0.99,74.95,55.29,99.04
FluSight-lop_norm,2024-02-03,41.85,0.93,66.73,53.85,97.6
FluSight-lop_norm,2024-02-10,40.3,1.08,64.2,51.44,100
FluSight-lop_norm,2024-02-17,34.09,0.97,55.25,50.96,99.52
FluSight-lop_norm,2024-02-24,25.81,0.85,34.54,69.71,100
FluSight-lop_norm,2024-03-02,23.4,0.71,31.27,79.81,99.52
FluSight-lop_norm,2024-03-09,24.22,0.52,36.12,72.12,100
FluSight-lop_norm,2024-03-16,21.77,0.51,29.95,73.56,100
FluSight-lop_norm,2024-03-23,16.64,0.6,20.48,84.13,100
FluSight-lop_norm,2024-03-30,13.59,0.63,17.67,82.69,100
FluSight-lop_norm,2024-04-06,12.31,0.52,15.76,76.92,100
FluSight-lop_norm,2024-04-13,12.69,0.52,18.93,71.15,100
FluSight-lop_norm,2024-04-20,10.49,0.55,15.95,66.35,100
FluSight-lop_norm,2024-04-27,7.08,0.68,10.15,65.38,100
GH-model,2023-10-28,32.47,2.05,36.56,7.69,11.06
GH-model,2023-11-04,45,2.29,49.12,4.33,6.73
GH-model,2023-11-11,61.08,2.34,65.82,2.88,3.37
GH-model,2023-11-18,80.39,2.48,85.7,2.4,3.37
GH-model,2023-12-02,157.85,2.09,164.77,3.37,3.85
GH-model,2023-12-09,226.23,1.98,234.62,3.43,3.43
GH-model,2023-12-16,278.37,2.02,288.24,1.44,2.4
GH-model,2023-12-23,295.23,2.57,307.79,0.48,0.96
GH-model,2024-01-06,210.93,2.21,230.8,3.37,6.73
GT-FluFNP,2023-10-14,12.93,1.29,19.18,54,82.5
GT-FluFNP,2023-10-21,12.13,1.02,17.72,60.71,87.76
GT-FluFNP,2023-10-28,18.32,1.17,26.53,44.39,86.73
GT-FluFNP,2023-11-04,21.66,1.13,29.19,38,78
GT-FluFNP,2023-11-11,33.95,1.31,43.57,23,58
GT-FluFNP,2023-11-18,46.19,1.43,56.54,15.5,43
GT-FluFNP,2023-11-25,62.96,1.44,74.22,11,29.5
GT-FluFNP,2023-12-02,87.07,1.13,98.84,4,20.5
GT-FluFNP,2023-12-09,143.01,1.2,154.99,3.06,11.73
GT-FluFNP,2023-12-16,168.57,1.17,180.54,2.5,6
GT-FluFNP,2023-12-23,122.72,1.02,135.07,7.81,18.23
GT-FluFNP,2024-01-06,139.9,1.42,166.09,11.5,24
GT-FluFNP,2024-01-13,98.21,1.06,124.98,12.23,30.32
GT-FluFNP,2024-01-20,53.84,0.9,77.26,21.43,54.59
GT-FluFNP,2024-01-27,55.67,1.18,84.01,40.5,85
GT-FluFNP,2024-02-03,71.73,1.54,107.12,25.5,69
GT-FluFNP,2024-02-10,65.33,1.68,96.45,28,72.5
GT-FluFNP,2024-02-24,28.96,0.93,41.64,57,90
GT-FluFNP,2024-03-02,25.45,0.76,38.17,51,86
GT-FluFNP,2024-03-09,47.84,1,70.84,27.5,66
GT-FluFNP,2024-03-16,38.84,0.89,58.33,34.5,74.5
GT-FluFNP,2024-03-23,26.87,0.94,40.55,44.5,85
GT-FluFNP,2024-04-06,15.8,0.66,23.85,63.5,97
GT-FluFNP,2024-04-13,14.77,0.59,23.55,59.33,97.33
GT-FluFNP,2024-04-20,14.05,0.72,22.15,61,99
GT-FluFNP,2024-04-27,10.38,1.01,15.61,72,100
ISU_NiemiLab-ENS,2023-10-28,19.36,1.25,24.68,26.92,66.83
ISU_NiemiLab-ENS,2023-11-04,22.89,1.4,28.11,25,61.27
ISU_NiemiLab-ENS,2023-11-11,39.74,1.55,48.45,15.87,47.6
ISU_NiemiLab-ENS,2023-11-18,48.56,1.52,60.22,15.38,47.6
ISU_NiemiLab-ENS,2023-12-02,92.8,1.23,113.34,5.77,29.81
ISU_NiemiLab-ENS,2023-12-09,143.55,1.25,169.88,3.43,25.98
ISU_NiemiLab-ENS,2023-12-16,161.42,1.16,196.4,2.4,22.6
ISU_NiemiLab-ENS,2024-01-06,74.67,0.78,111.21,33.17,80.29
ISU_NiemiLab-ENS,2024-01-13,71.74,0.74,107.49,34.62,80.29
ISU_NiemiLab-ENS,2024-01-20,54.68,0.9,82.63,49.04,97.12
ISU_NiemiLab-ENS,2024-01-27,47.42,1.04,76.57,56.25,98.08
ISU_NiemiLab-ENS,2024-02-10,63.91,1.69,92.66,38.94,80.77
ISU_NiemiLab-ENS,2024-02-17,64.79,1.79,95.75,37.02,75.48
ISU_NiemiLab-ENS,2024-02-24,44.06,1.47,69.22,43.27,89.9
ISU_NiemiLab-ENS,2024-03-02,35.67,1.1,54.98,44.61,90.2
ISU_NiemiLab-ENS,2024-03-09,22.73,0.5,34.55,60.1,98.56
ISU_NiemiLab-ENS,2024-03-16,38.21,0.87,37.99,75.48,99.04
ISU_NiemiLab-ENS,2024-03-30,14.59,0.69,21.57,78.37,100
ISU_NiemiLab-NLH,2023-10-14,10.79,1.04,14.05,31.25,81.73
ISU_NiemiLab-NLH,2023-10-21,16.04,1.32,20.08,26.92,72.6
ISU_NiemiLab-NLH,2023-10-28,18.07,1.17,23.54,27.88,74.52
ISU_NiemiLab-NLH,2023-11-04,28.78,1.49,33.8,17.79,48.56
ISU_NiemiLab-NLH,2023-11-11,37.12,1.44,47.27,16.83,57.21
ISU_NiemiLab-NLH,2023-11-18,50.69,1.58,63.93,13.5,47.5
ISU_NiemiLab-NLH,2023-12-02,90.47,1.19,111.34,9.62,35.1
ISU_NiemiLab-NLH,2023-12-09,146.13,1.28,175.75,5.88,32.35
ISU_NiemiLab-NLH,2023-12-16,104.52,0.74,145.32,12.98,60.1
ISU_NiemiLab-NLH,2024-01-06,79.22,0.79,116.29,38.94,83.17
ISU_NiemiLab-NLH,2024-01-13,75.99,0.76,111.97,36.54,85.1
ISU_NiemiLab-NLH,2024-01-20,58.53,0.95,95.01,45.19,94.23
ISU_NiemiLab-NLH,2024-01-27,54.82,1.18,86.54,39.71,88.24
ISU_NiemiLab-NLH,2024-02-03,67.27,1.51,99.62,31.73,76.44
ISU_NiemiLab-NLH,2024-02-10,89.25,2.37,116.62,32.35,63.73
ISU_NiemiLab-NLH,2024-02-24,54.76,1.86,82.74,37.5,85.58
ISU_NiemiLab-NLH,2024-03-02,34.65,1.06,54.39,45.59,93.14
ISU_NiemiLab-NLH,2024-03-09,30.9,0.67,47.37,62.02,96.15
ISU_NiemiLab-NLH,2024-03-16,87.66,1.95,94.97,67.79,96.15
ISU_NiemiLab-NLH,2024-03-23,26.85,0.96,42.56,51.92,94.71
ISU_NiemiLab-NLH,2024-03-30,25.03,1.15,36.56,63.94,96.63
ISU_NiemiLab-NLH,2024-04-06,18.04,0.78,27.68,64.9,98.56
ISU_NiemiLab-NLH,2024-04-13,13.56,0.55,20.6,66.03,98.72
ISU_NiemiLab-NLH,2024-04-20,14.48,0.77,22.7,51.92,97.12
ISU_NiemiLab-SIR,2023-10-28,18.99,1.44,22.51,22.06,53.43
ISU_NiemiLab-SIR,2023-11-04,22.89,1.4,28.11,25,61.27
ISU_NiemiLab-SIR,2023-11-11,40.07,1.71,45.06,12.25,30.88
ISU_NiemiLab-SIR,2023-11-18,51.43,1.73,59.06,12.25,31.37
ISU_NiemiLab-SIR,2023-12-02,85.05,1.15,104.97,7.35,32.84
ISU_NiemiLab-SIR,2023-12-09,113.64,0.99,143.19,3,35
ISU_NiemiLab-SIR,2023-12-16,116.65,0.85,151.64,5.39,37.25
ISU_NiemiLab-SIR,2024-01-06,118.84,1.32,179.46,36.27,76.47
ISU_NiemiLab-SIR,2024-01-13,72.02,0.78,102.04,21.57,55.88
ISU_NiemiLab-SIR,2024-01-20,68.01,1.15,102.08,49.02,83.82
ISU_NiemiLab-SIR,2024-01-27,85.01,1.81,122.4,30.88,72.55
ISU_NiemiLab-SIR,2024-02-10,63.91,1.69,92.66,38.94,80.77
ISU_NiemiLab-SIR,2024-02-17,96.57,2.66,122.69,23.53,54.9
ISU_NiemiLab-SIR,2024-03-02,63.95,1.94,86.67,26.96,64.71
ISU_NiemiLab-SIR,2024-03-09,38.96,0.86,58.08,45.1,83.82
ISU_NiemiLab-SIR,2024-03-16,40.4,0.97,61.56,30.88,72.55
ISU_NiemiLab-SIR,2024-03-30,27.53,1.31,42.44,47.55,83.82
ISU_NiemiLab-SIR,2024-04-20,22.79,1.21,35.37,50,91.35
JHU_CSSE-CSSE_Ensemble,2024-01-13,43.88,0.42,69.36,30,79
JHU_CSSE-CSSE_Ensemble,2024-01-20,51.91,0.83,70.93,31,66.5
JHU_CSSE-CSSE_Ensemble,2024-01-27,70.68,1.49,91.71,22,54
JHU_CSSE-CSSE_Ensemble,2024-02-03,52.91,1.15,75.36,30,75
JHU_CSSE-CSSE_Ensemble,2024-02-10,36.62,0.96,56.85,28.5,79.5
JHU_CSSE-CSSE_Ensemble,2024-02-17,34.2,0.9,53.86,32.5,81
JHU_CSSE-CSSE_Ensemble,2024-02-24,25.11,0.79,39.02,44,84.5
JHU_CSSE-CSSE_Ensemble,2024-03-02,27.08,0.79,41.47,36.5,86
JHU_CSSE-CSSE_Ensemble,2024-03-09,41.29,0.86,62.62,38,80
JHU_CSSE-CSSE_Ensemble,2024-03-16,27.98,0.64,43.88,54,94.5
JHU_CSSE-CSSE_Ensemble,2024-03-23,19.34,0.69,30.35,53.5,95
JHU_CSSE-CSSE_Ensemble,2024-03-30,15.76,0.71,24.18,58,95.5
JHU_CSSE-CSSE_Ensemble,2024-04-06,18.39,0.75,28.36,55,93.5
JHU_CSSE-CSSE_Ensemble,2024-04-13,22.23,0.87,34.87,38.67,89.33
JHU_CSSE-CSSE_Ensemble,2024-04-20,13.03,0.67,20.42,50,95
JHU_CSSE-CSSE_Ensemble,2024-04-27,7.68,0.72,12.34,46,96
LUcompUncertLab-chimera,2023-10-14,43.12,5.7,55.74,9.62,40.38
LUcompUncertLab-chimera,2023-10-21,15.88,1.65,22.08,58.97,83.33
LUcompUncertLab-chimera,2023-10-28,28.86,2.46,42.85,7.05,43.59
LUcompUncertLab-chimera,2023-11-04,20.96,1.32,30.1,28.85,83.33
LUcompUncertLab-chimera,2023-11-11,24.2,1.25,31.18,37.82,75
LUcompUncertLab-chimera,2023-11-18,27.07,1.13,36.51,33.97,75
LUcompUncertLab-chimera,2023-11-25,25.59,0.83,34.85,28.21,69.23
LUcompUncertLab-chimera,2023-12-02,54.07,0.71,76.54,19.71,62.98
LUcompUncertLab-chimera,2023-12-09,68.6,0.59,91.57,29.9,59.31
LUcompUncertLab-chimera,2023-12-16,85.38,0.62,113.43,23.08,61.54
LUcompUncertLab-chimera,2023-12-23,87.49,0.76,127.26,28.85,66.83
LUcompUncertLab-chimera,2023-12-30,136.8,2.2,208.92,53.37,79.33
LUcompUncertLab-chimera,2024-01-06,180.1,1.88,286.14,37.98,84.62
LUcompUncertLab-chimera,2024-01-13,100.88,1.01,149.85,56.25,93.27
LUcompUncertLab-chimera,2024-01-20,46.03,0.76,63.71,67.79,96.63
LUcompUncertLab-chimera,2024-01-27,53.03,1.18,82.21,50,90.87
LUcompUncertLab-chimera,2024-02-03,45.08,1,66.01,53.37,90.87
LUcompUncertLab-chimera,2024-02-10,44.6,1.2,70.12,43.27,93.75
LUcompUncertLab-chimera,2024-02-17,39.75,1.15,62.45,45.19,95.67
LUcompUncertLab-chimera,2024-02-24,31.13,1.01,41.33,59.13,94.71
LUcompUncertLab-chimera,2024-03-02,29.02,0.88,38.55,64.42,94.23
LUcompUncertLab-chimera,2024-03-09,27.42,0.59,36.63,60.58,98.56
LUcompUncertLab-chimera,2024-03-16,22.64,0.53,30.42,61.54,97.6
LUcompUncertLab-chimera,2024-03-23,18.01,0.66,25.34,66.83,99.04
LUcompUncertLab-chimera,2024-03-30,15.06,0.71,20.95,68.75,98.56
LUcompUncertLab-chimera,2024-04-06,12.84,0.55,15.69,73.08,99.04
LUcompUncertLab-chimera,2024-04-13,13.11,0.54,18.72,69.23,99.36
LUcompUncertLab-chimera,2024-04-20,10.78,0.57,15.13,72.12,100
LUcompUncertLab-chimera,2024-04-27,7.87,0.75,9.26,67.31,98.08
LosAlamos_NAU-CModel_Flu,2023-10-21,14.35,1.19,17.51,23.08,52.4
LosAlamos_NAU-CModel_Flu,2023-10-28,20.02,1.28,23.16,28.85,58.17
LosAlamos_NAU-CModel_Flu,2023-11-04,31.13,1.59,34.77,20.19,49.04
LosAlamos_NAU-CModel_Flu,2023-11-11,40.7,1.57,46.64,12.02,36.06
LosAlamos_NAU-CModel_Flu,2023-11-18,62.53,1.94,68.86,6.73,18.75
LosAlamos_NAU-CModel_Flu,2023-11-25,73.44,1.71,83.55,4.81,20.67
LosAlamos_NAU-CModel_Flu,2023-12-02,92.43,1.2,105.87,9.13,18.75
LosAlamos_NAU-CModel_Flu,2023-12-09,65.41,0.55,82.6,26,58
LosAlamos_NAU-CModel_Flu,2023-12-16,80.95,0.59,105.18,19.71,63.94
LosAlamos_NAU-CModel_Flu,2023-12-23,113.08,0.99,148,17.31,50
LosAlamos_NAU-CModel_Flu,2023-12-30,310.26,4.87,365.73,12.02,35.1
LosAlamos_NAU-CModel_Flu,2024-01-06,574.31,6.05,652.66,4.81,13.94
LosAlamos_NAU-CModel_Flu,2024-01-13,673.99,6.93,812.42,0.48,3.85
LosAlamos_NAU-CModel_Flu,2024-01-20,558.92,9.33,712.49,0.96,7.69
LosAlamos_NAU-CModel_Flu,2024-02-03,69.92,1.5,85.43,15.87,39.9
LosAlamos_NAU-CModel_Flu,2024-02-10,73.38,1.88,90.99,12.02,37.5
LosAlamos_NAU-CModel_Flu,2024-02-17,68.19,1.81,85.62,11.54,38.46
LosAlamos_NAU-CModel_Flu,2024-02-24,50.18,1.61,68.43,9.62,48.08
LosAlamos_NAU-CModel_Flu,2024-03-02,36.29,1.11,52.32,13.46,57.69
LosAlamos_NAU-CModel_Flu,2024-03-09,32.6,0.71,45.89,24.52,60.58
LosAlamos_NAU-CModel_Flu,2024-03-16,36.4,0.87,48.37,29.81,63.94
LosAlamos_NAU-CModel_Flu,2024-03-23,27.84,1.09,38.33,33.82,62.75
LosAlamos_NAU-CModel_Flu,2024-03-30,40.92,1.89,54.66,30.29,58.65
LosAlamos_NAU-CModel_Flu,2024-04-06,23.26,1,32.79,34.62,64.9
LosAlamos_NAU-CModel_Flu,2024-04-13,30.31,1.25,40.89,29.49,53.21
LosAlamos_NAU-CModel_Flu,2024-04-20,39.77,2.11,52.03,18.27,35.58
LosAlamos_NAU-CModel_Flu,2024-04-27,17.89,1.75,25.26,34.62,63.46
MIGHTE-Nsemble,2023-10-14,11.67,1.18,17.22,59.62,95.19
MIGHTE-Nsemble,2023-10-21,10.68,0.88,15.54,61.06,94.71
MIGHTE-Nsemble,2023-10-28,12.8,0.8,19.41,63.94,97.12
MIGHTE-Nsemble,2023-11-04,13.4,0.68,20.84,60.1,99.04
MIGHTE-Nsemble,2023-11-11,18.21,0.7,30.19,49.04,95.67
MIGHTE-Nsemble,2023-11-18,22.53,0.69,37.38,50,93.75
MIGHTE-Nsemble,2023-11-25,25.44,0.59,37.11,63.94,93.27
MIGHTE-Nsemble,2023-12-02,39.9,0.52,57.71,56.25,90.87
MIGHTE-Nsemble,2023-12-09,62.56,0.54,91.17,50.98,87.25
MIGHTE-Nsemble,2023-12-16,73,0.53,107.36,44.23,85.58
MIGHTE-Nsemble,2023-12-23,68.86,0.59,101.87,50.96,88.94
MIGHTE-Nsemble,2023-12-30,68.08,1.05,108.03,44.23,92.79
MIGHTE-Nsemble,2024-01-06,72.64,0.76,116.17,37.98,90.87
MIGHTE-Nsemble,2024-01-13,66.11,0.67,103.88,41.35,91.35
MIGHTE-Nsemble,2024-01-20,51.18,0.85,81.39,44.71,94.23
MIGHTE-Nsemble,2024-01-27,39.03,0.88,57.95,57.21,95.67
MIGHTE-Nsemble,2024-02-03,37.29,0.84,53.97,56.25,94.71
MIGHTE-Nsemble,2024-02-10,45.53,1.22,69.5,46.15,89.42
MIGHTE-Nsemble,2024-02-17,48.42,1.42,77.58,37.98,89.9
MIGHTE-Nsemble,2024-02-24,39.02,1.3,62.09,48.56,94.23
MIGHTE-Nsemble,2024-03-02,31.06,0.95,46.79,55.29,92.31
MIGHTE-Nsemble,2024-03-09,28.23,0.63,42.16,62.02,97.12
MIGHTE-Nsemble,2024-03-16,25.67,0.61,38.02,69.23,98.56
MIGHTE-Nsemble,2024-03-23,18.61,0.68,24.42,73.08,98.08
MIGHTE-Nsemble,2024-03-30,15.27,0.72,20.78,73.08,99.04
MIGHTE-Nsemble,2024-04-06,14.12,0.6,18.22,73.08,99.04
MIGHTE-Nsemble,2024-04-13,14.55,0.6,20.87,68.59,96.15
MIGHTE-Nsemble,2024-04-20,11.94,0.63,17.9,70.19,99.04
MIGHTE-Nsemble,2024-04-27,7.74,0.75,10.33,71.15,100
MOBS-GLEAM_FLUH,2023-10-14,24.66,2.69,24.83,41.67,86.76
MOBS-GLEAM_FLUH,2023-10-21,12.65,1.15,19.28,41.18,84.31
MOBS-GLEAM_FLUH,2023-10-28,11.24,0.75,16.16,44.61,86.76
MOBS-GLEAM_FLUH,2023-11-04,18.36,0.99,24.38,35.29,70.59
MOBS-GLEAM_FLUH,2023-11-11,21.37,0.81,33.98,30.39,79.9
MOBS-GLEAM_FLUH,2023-11-18,25.61,0.78,37.84,30.39,73.53
MOBS-GLEAM_FLUH,2023-11-25,35.25,0.83,55.5,25.98,74.02
MOBS-GLEAM_FLUH,2023-12-02,43.66,0.56,62.8,19.61,56.37
MOBS-GLEAM_FLUH,2023-12-09,48.09,0.41,71.87,29,72
MOBS-GLEAM_FLUH,2023-12-16,64.52,0.47,93.8,49,87.5
MOBS-GLEAM_FLUH,2023-12-23,69.12,0.57,109.8,43.88,89.29
MOBS-GLEAM_FLUH,2023-12-30,68.73,1.03,109.3,49.51,94.12
MOBS-GLEAM_FLUH,2024-01-06,118.76,1.23,193.11,32.84,88.73
MOBS-GLEAM_FLUH,2024-01-13,73.18,0.75,118.89,40.69,96.57
MOBS-GLEAM_FLUH,2024-01-20,48.41,0.78,71.37,55.39,93.14
MOBS-GLEAM_FLUH,2024-01-27,48,1.06,74.26,35.29,80.39
MOBS-GLEAM_FLUH,2024-02-03,45.75,1.02,65.85,39.22,79.41
MOBS-GLEAM_FLUH,2024-02-10,58.73,1.53,80.88,25.98,65.2
MOBS-GLEAM_FLUH,2024-02-17,70.18,1.79,91.4,17.65,51.96
MOBS-GLEAM_FLUH,2024-02-24,69.54,2.14,91.91,11.76,45.1
MOBS-GLEAM_FLUH,2024-03-02,38.16,1.19,61.77,18,80
MOBS-GLEAM_FLUH,2024-03-09,17.75,0.38,24.71,66.18,97.06
MOBS-GLEAM_FLUH,2024-03-16,15.4,0.36,23.78,35.29,81.37
MOBS-GLEAM_FLUH,2024-03-23,15.5,0.56,23.22,27.45,75.49
MOBS-GLEAM_FLUH,2024-03-30,14.68,0.68,20.6,30.88,70.1
MOBS-GLEAM_FLUH,2024-04-06,10.42,0.45,15.55,41.18,85.78
MOBS-GLEAM_FLUH,2024-04-13,7.89,0.33,11.92,51.63,90.2
MOBS-GLEAM_FLUH,2024-04-20,7.1,0.37,11.06,49.02,92.16
MOBS-GLEAM_FLUH,2024-04-27,5.91,0.57,8.29,62.75,96.08
NIH-Flu_ARIMA,2023-10-14,7.44,0.86,6.29,72.73,97.73
NIH-Flu_ARIMA,2023-10-21,8.99,0.79,11.48,68.75,100
NIH-Flu_ARIMA,2023-10-28,15.03,0.79,24.73,43.75,100
NIH-Flu_ARIMA,2023-11-04,26.44,0.95,42.05,35.42,91.67
NIH-Flu_ARIMA,2023-11-11,43.19,1.03,68.33,27.08,97.92
NIH-Flu_ARIMA,2023-11-18,55.12,1.08,89.77,12.5,89.58
NIH-Flu_ARIMA,2023-12-16,169.47,0.84,272.33,0,87.5
NIH-Flu_ARIMA,2023-12-23,165.73,1.06,274.61,29.17,100
NIH-Flu_ARIMA,2023-12-30,123.95,1.26,181.03,52.08,100
NIH-Flu_ARIMA,2024-01-06,91.63,0.7,132.95,43.75,100
NIH-Flu_ARIMA,2024-01-13,83.07,0.67,136.28,56.25,100
NIH-Flu_ARIMA,2024-01-20,60.33,0.73,99.75,52.08,100
NIH-Flu_ARIMA,2024-01-27,79.81,1.04,140.21,45.45,100
NIH-Flu_ARIMA,2024-02-03,67.64,1.02,103.59,58.33,97.92
NIH-Flu_ARIMA,2024-02-10,76.38,1.26,115.85,54.17,89.58
NIH-Flu_ARIMA,2024-02-17,48.82,1.25,22.86,100,100
NIH-Flu_ARIMA,2024-02-24,55.47,1.28,92.98,54.55,97.73
NIH-Flu_ARIMA,2024-03-02,41.28,0.83,62.29,70.83,97.92
NIH-Flu_ARIMA,2024-03-09,48.3,0.55,70.41,69.44,100
NIH-Flu_ARIMA,2024-03-16,32.5,0.48,41.96,56.25,100
NIH-Flu_ARIMA,2024-03-23,25.33,0.64,37.71,79.17,100
NIH-Flu_ARIMA,2024-04-06,23.74,0.65,30.59,58.33,100
NIH-Flu_ARIMA,2024-04-13,24.71,0.6,36.76,30.56,100
NIH-Flu_ARIMA,2024-04-20,20.63,0.65,29.32,25,95.83
NIH-Flu_ARIMA,2024-04-27,9.94,0.81,12.26,41.67,100
NU_UCSD-GLEAM_AI_FLUH,2023-12-02,68.67,0.9,104.18,30.39,81.86
NU_UCSD-GLEAM_AI_FLUH,2023-12-09,79.61,0.68,121.01,26.5,74
NU_UCSD-GLEAM_AI_FLUH,2023-12-16,89.64,0.64,125.38,31.37,71.57
NU_UCSD-GLEAM_AI_FLUH,2023-12-23,77.05,0.67,110.77,29.9,63.73
NU_UCSD-GLEAM_AI_FLUH,2023-12-30,94.33,1.44,139.93,33.82,76.96
NU_UCSD-GLEAM_AI_FLUH,2024-01-06,219.94,2.29,314.97,11.76,43.63
NU_UCSD-GLEAM_AI_FLUH,2024-01-13,91.4,0.95,144.01,19.61,75.98
NU_UCSD-GLEAM_AI_FLUH,2024-01-20,52.11,0.84,81.21,36.76,88.24
NU_UCSD-GLEAM_AI_FLUH,2024-01-27,69.11,1.45,100.08,24.51,66.18
NU_UCSD-GLEAM_AI_FLUH,2024-02-03,60.43,1.3,89.06,22.55,71.57
NU_UCSD-GLEAM_AI_FLUH,2024-02-10,65.96,1.73,93.89,20.59,71.57
NU_UCSD-GLEAM_AI_FLUH,2024-02-17,43.94,1.24,69.9,28.92,80.88
NU_UCSD-GLEAM_AI_FLUH,2024-02-24,32.32,1.05,51.09,43.14,87.25
NU_UCSD-GLEAM_AI_FLUH,2024-03-02,23.73,0.71,36.93,53.92,95.1
NU_UCSD-GLEAM_AI_FLUH,2024-03-09,27.06,0.58,43.2,59.8,97.06
NU_UCSD-GLEAM_AI_FLUH,2024-03-16,23.91,0.59,28.13,83.5,100
NU_UCSD-GLEAM_AI_FLUH,2024-03-23,19.92,0.73,23.61,81.37,99.51
NU_UCSD-GLEAM_AI_FLUH,2024-03-30,17.3,0.81,22.79,74.51,99.51
NU_UCSD-GLEAM_AI_FLUH,2024-04-06,16.41,0.76,22.75,71.24,98.04
NU_UCSD-GLEAM_AI_FLUH,2024-04-13,25.8,1.05,42.68,38.56,98.04
NU_UCSD-GLEAM_AI_FLUH,2024-04-20,11.52,0.6,16.9,59.8,100
NU_UCSD-GLEAM_AI_FLUH,2024-04-27,11.65,1.13,18.28,64.71,100
PSI-PROF,2023-10-14,9.6,0.99,10.8,41.35,81.25
PSI-PROF,2023-10-21,10.97,0.9,15.78,42.31,81.73
PSI-PROF,2023-10-28,13.15,0.85,18.88,39.42,83.17
PSI-PROF,2023-11-04,19.12,0.97,27.25,38.94,89.42
PSI-PROF,2023-11-11,23.38,0.9,36.72,51.92,76.92
PSI-PROF,2023-11-18,23.02,0.69,34.87,68.75,90.38
PSI-PROF,2023-11-25,30.99,0.72,48.42,50.96,81.73
PSI-PROF,2023-12-02,48.07,0.63,75.88,33.65,87.5
PSI-PROF,2023-12-09,73.56,0.64,115.74,30.39,75.49
PSI-PROF,2023-12-16,80.87,0.58,133.62,31.73,92.79
PSI-PROF,2023-12-23,73.43,0.65,112.31,36.06,87.5
PSI-PROF,2023-12-30,80,1.27,126.43,49.52,94.23
PSI-PROF,2024-01-06,123.34,1.3,190.2,49.04,92.31
PSI-PROF,2024-01-13,111.71,1.1,125.26,53.85,94.23
PSI-PROF,2024-01-20,48.59,0.79,70.21,68.27,93.75
PSI-PROF,2024-01-27,41.04,0.9,66.19,62.98,98.08
PSI-PROF,2024-02-03,39.76,0.89,59.13,55.77,88.46
PSI-PROF,2024-02-10,36.61,0.99,53.42,43.27,85.1
PSI-PROF,2024-02-17,33.46,0.95,50.88,36.06,79.81
PSI-PROF,2024-02-24,27.41,0.89,37.75,55.77,84.62
PSI-PROF,2024-03-02,29.2,0.88,43.24,56.25,88.46
PSI-PROF,2024-03-09,31.84,0.68,56.17,58.17,90.38
PSI-PROF,2024-03-16,25.99,0.6,50.96,59.62,98.56
PSI-PROF,2024-03-23,15.55,0.56,23.77,67.79,93.27
PSI-PROF,2024-03-30,14.04,0.65,22.25,62.02,91.35
PSI-PROF,2024-04-06,14.14,0.59,22.48,50.48,91.83
PSI-PROF,2024-04-13,16.63,0.67,27.63,45.51,88.46
PSI-PROF,2024-04-20,12.54,0.66,20.01,51.92,95.19
PSI-PROF,2024-04-27,7.52,0.72,10.81,61.54,98.08
PSI-PROF_beta,2023-12-09,87.39,0.75,122.12,22.06,60.29
PSI-PROF_beta,2023-12-16,105.83,0.74,148.3,14.9,51.44
PSI-PROF_beta,2023-12-23,72.07,0.63,115.71,30.29,86.54
PSI-PROF_beta,2023-12-30,67.45,1.07,103.87,47.12,87.98
PSI-PROF_beta,2024-01-06,129.11,1.35,205.07,44.23,88.46
PSI-PROF_beta,2024-01-20,44.94,0.73,65.98,67.79,99.04
PSI-PROF_beta,2024-01-27,39.11,0.86,62.02,58.17,99.04
PSI-PROF_beta,2024-02-03,38.43,0.86,54.3,53.85,89.9
PSI-PROF_beta,2024-02-10,37.19,1,54.12,43.27,86.06
PSI-PROF_beta,2024-02-17,33.53,0.95,51.17,36.54,79.33
PSI-PROF_beta,2024-02-24,27.42,0.89,37.03,56.25,83.17
PSI-PROF_beta,2024-03-02,28.75,0.87,42.64,55.77,88.94
PSI-PROF_beta,2024-03-09,31.06,0.66,55.71,59.13,91.83
PSI-PROF_beta,2024-03-16,25.16,0.58,50.15,59.62,99.04
PSI-PROF_beta,2024-03-23,15.31,0.55,23.64,68.27,93.27
PSI-PROF_beta,2024-03-30,13.92,0.64,22.33,61.54,91.83
PSI-PROF_beta,2024-04-06,13.95,0.58,22.3,49.52,89.9
PSI-PROF_beta,2024-04-13,16.47,0.66,27.31,44.87,87.82
PSI-PROF_beta,2024-04-20,12.5,0.66,19.87,51.92,94.23
PSI-PROF_beta,2024-04-27,7.42,0.71,10.87,61.54,98.08
SGroup-RandomForest,2023-10-14,8.53,0.84,12.57,67.31,97.6
SGroup-RandomForest,2023-10-21,10.63,0.87,16.66,55.77,98.08
SGroup-RandomForest,2023-10-28,13.07,0.83,21.68,45.19,95.19
SGroup-RandomForest,2023-11-04,20.04,1.03,30.99,41.83,93.75
SGroup-RandomForest,2023-11-11,31.58,1.22,46.25,25.48,81.73
SGroup-RandomForest,2023-11-18,42.02,1.31,60.16,18.27,74.52
SGroup-RandomForest,2023-11-25,48.17,1.12,73.92,20.67,78.85
SGroup-RandomForest,2023-12-02,75.54,1,113.57,15.87,71.15
SGroup-RandomForest,2023-12-09,127.77,1.11,179.15,15.69,61.27
SGroup-RandomForest,2023-12-16,137.87,1,202.98,7.69,65.38
SGroup-RandomForest,2023-12-23,97,0.84,145.69,18.27,66.83
SGroup-RandomForest,2023-12-30,60.18,0.92,94.15,45.67,88.94
SGroup-RandomForest,2024-01-13,44.5,0.46,68.4,52.88,96.63
SGroup-RandomForest,2024-01-20,40.74,0.66,64.8,58.17,97.12
SGroup-RandomForest,2024-01-27,47.2,1.02,72.13,42.31,88.46
SGroup-RandomForest,2024-02-03,47.98,1.07,78.58,41.35,89.42
SGroup-RandomForest,2024-02-10,42.18,1.12,67.66,46.15,95.19
SGroup-RandomForest,2024-02-17,34.02,0.96,53.74,56.73,97.12
SGroup-RandomForest,2024-02-24,25.01,0.81,34.99,65.38,98.56
SGroup-RandomForest,2024-03-02,34.35,1.03,50.77,71.15,99.04
SGroup-RandomForest,2024-03-09,29.62,0.65,47.3,57.69,99.04
SGroup-RandomForest,2024-03-16,30.62,0.71,48.67,44.23,97.6
SGroup-RandomForest,2024-03-23,18.37,0.66,28.26,62.02,99.52
SGroup-RandomForest,2024-03-30,15.5,0.71,23.62,57.21,98.56
SGroup-RandomForest,2024-04-06,15.22,0.63,23.84,51.44,98.08
SGroup-RandomForest,2024-04-13,19.64,0.78,31.03,36.54,96.79
SGroup-RandomForest,2024-04-20,17.46,0.92,27.57,36.54,97.12
SGroup-RandomForest,2024-04-27,11.12,1.07,17.43,30.77,98.08
SigSci-CREG,2023-10-14,8.99,0.88,13.06,58.5,94
SigSci-CREG,2023-10-21,12.92,1.07,18.46,58.5,90.5
SigSci-CREG,2023-10-28,19.34,1.23,26.28,50,84
SigSci-CREG,2023-11-04,26.39,1.3,37.34,41.84,83.16
SigSci-CREG,2023-11-11,39.25,1.46,53.82,25,70.41
SigSci-CREG,2023-11-18,39.15,1.51,52.84,17.05,61.36
SigSci-CREG,2023-11-25,34.49,1.33,45.85,13.57,56.43
SigSci-CREG,2023-12-02,60.74,1.37,74.42,8.55,35.53
SigSci-CREG,2023-12-09,74.6,1.22,90.29,8.04,32.14
SigSci-CREG,2023-12-16,107.84,1.08,126.54,3.26,21.74
SigSci-CREG,2023-12-23,79.95,1.02,99.6,16.67,29.17
SigSci-CREG,2023-12-30,67.3,1.27,98.21,28.57,64.29
SigSci-CREG,2024-01-06,157.09,1.38,213.42,33.33,66.67
SigSci-CREG,2024-01-13,180.97,1.49,241.48,17.59,51.85
SigSci-CREG,2024-01-20,154,2.45,210.9,16.41,54.69
SigSci-CREG,2024-01-27,59.57,1.42,89.15,30,75.83
SigSci-CREG,2024-02-03,58.86,1.44,90.38,25,72.97
SigSci-CREG,2024-02-10,45.58,1.53,70.63,32.58,79.55
SigSci-CREG,2024-02-17,38.44,1.37,57.62,41.41,80.47
SigSci-CREG,2024-02-24,26.99,1.01,40.77,48.39,87.9
SigSci-CREG,2024-03-02,23.4,0.93,36.17,46.21,92.42
SigSci-CREG,2024-03-09,27.49,0.87,43.17,43.75,92.36
SigSci-CREG,2024-03-16,26.77,0.8,41.07,43.45,93.45
SigSci-CREG,2024-03-23,22.86,0.87,35.48,51.63,93.48
SigSci-CREG,2024-03-30,14.57,0.8,22.38,62.5,97.16
SigSci-CREG,2024-04-06,14.89,0.7,22.89,56.91,94.15
SigSci-CREG,2024-04-13,12.11,0.59,18.18,61.24,97.67
SigSci-CREG,2024-04-20,9.85,0.57,14.83,64.89,100
SigSci-CREG,2024-04-27,9.18,0.91,13.88,71.43,100
SigSci-TSENS,2023-10-14,12.52,1.3,13.62,95,99
SigSci-TSENS,2023-10-21,13.76,1.16,15.84,91.5,98
SigSci-TSENS,2023-10-28,16.65,1.05,21.34,87,97
SigSci-TSENS,2023-11-04,17.98,0.91,26.59,77,95.5
SigSci-TSENS,2023-11-11,22.57,0.87,33.14,70,91
SigSci-TSENS,2023-11-18,25.57,0.78,40.89,63,91
SigSci-TSENS,2023-11-25,34.6,0.78,54.05,56,89
SigSci-TSENS,2023-12-02,63.7,0.83,90.27,35,78
SigSci-TSENS,2023-12-09,94.49,0.8,128.64,25.51,68.37
SigSci-TSENS,2023-12-16,113.47,0.81,155.96,16.33,53.57
SigSci-TSENS,2023-12-23,85.56,0.75,122.61,20.41,59.18
SigSci-TSENS,2023-12-30,58.08,0.9,87.04,40.62,72.4
SigSci-TSENS,2024-01-06,126.09,1.26,181.73,23,71.5
SigSci-TSENS,2024-01-13,83.79,0.82,129.08,33,72.5
SigSci-TSENS,2024-01-20,59.34,0.96,98.65,36,85.5
SigSci-TSENS,2024-01-27,55.16,1.21,87.86,41,89.5
SigSci-TSENS,2024-02-03,42.56,0.93,67.85,51,89.5
SigSci-TSENS,2024-02-10,37.18,0.99,57.34,56.5,93.5
SigSci-TSENS,2024-02-17,31.81,0.91,48.37,58,94
SigSci-TSENS,2024-02-24,32.81,1.04,46.1,67,91.5
SigSci-TSENS,2024-03-02,40.76,1.26,57.57,60.2,91.33
SigSci-TSENS,2024-03-09,46.43,0.97,70.22,50.5,86
SigSci-TSENS,2024-03-16,32.61,0.75,50.59,54,92.5
SigSci-TSENS,2024-03-23,27.67,0.97,42.4,60,95.5
SigSci-TSENS,2024-03-30,20.04,0.91,28.94,76.5,98.5
SigSci-TSENS,2024-04-06,19.45,0.8,29.31,77,99
SigSci-TSENS,2024-04-13,20.54,0.81,33.29,60,98
SigSci-TSENS,2024-04-20,14.19,0.72,21.8,71,99
SigSci-TSENS,2024-04-27,8.59,0.89,12.48,80.43,100
Stevens-GBR,2023-10-21,32.97,2.71,33.99,1.92,12.02
Stevens-GBR,2023-10-28,17.87,1.12,23.58,31.25,82.21
Stevens-GBR,2023-11-04,22.17,1.15,26.67,28.37,75.96
Stevens-GBR,2023-11-11,30.52,1.19,37.23,15.87,67.31
Stevens-GBR,2023-11-18,32.62,0.99,41.24,23.08,69.23
Stevens-GBR,2023-11-25,43.79,0.98,53.64,22.12,67.31
Stevens-GBR,2023-12-02,75.35,0.98,88.73,16.35,54.81
Stevens-GBR,2023-12-09,111.58,0.98,126.52,20.59,51.96
Stevens-GBR,2023-12-16,148.85,1.11,166.27,8.82,41.67
Stevens-GBR,2023-12-23,135.58,1.2,152.11,15.38,48.08
Stevens-GBR,2023-12-30,86.16,1.33,104.22,31.25,66.35
Stevens-GBR,2024-01-06,61.3,0.63,98.52,41.35,89.42
Stevens-GBR,2024-01-13,47.46,0.48,68.79,35.58,89.42
Stevens-GBR,2024-01-20,49.35,0.81,61.65,36.54,82.69
Stevens-GBR,2024-01-27,76.54,1.58,96.25,18.27,79.33
Stevens-GBR,2024-02-03,80.09,1.74,102.58,13.94,77.88
Stevens-GBR,2024-02-10,79.31,2.08,100.94,8.65,82.69
Stevens-GBR,2024-02-17,63.25,1.76,80.22,14.9,84.62
Stevens-GBR,2024-02-24,42.92,1.4,54.95,22.12,85.58
Stevens-GBR,2024-03-02,31.72,0.94,43.09,31.25,90.38
Stevens-GBR,2024-03-09,20.24,0.42,33.18,39.42,95.67
Stevens-GBR,2024-03-16,18.32,0.43,30.69,34.62,95.67
Stevens-GBR,2024-03-23,17.18,0.62,28.45,40.38,91.83
Stevens-GBR,2024-03-30,17.09,0.79,26.62,29.81,92.31
Stevens-GBR,2024-04-06,15.1,0.62,24.46,26.44,84.62
Stevens-GBR,2024-04-13,14.54,0.59,23.57,21.79,84.62
Stevens-GBR,2024-04-20,10.06,0.53,15.73,28.85,88.46
Stevens-GBR,2024-04-27,7.39,0.7,10.27,19.23,90.38
UGA_flucast-Copycat,2023-11-04,19.9,1.02,26.61,53.37,94.23
UGA_flucast-Copycat,2023-11-11,22.28,0.87,32.03,28.37,75
UGA_flucast-Copycat,2023-11-18,23.25,0.7,35.1,32.21,77.4
UGA_flucast-Copycat,2023-11-25,33.85,0.77,48.65,25,69.71
UGA_flucast-Copycat,2023-12-02,71.03,0.94,95.47,15.87,55.77
UGA_flucast-Copycat,2023-12-09,100.39,0.88,136.03,15.2,55.39
UGA_flucast-Copycat,2023-12-16,124.16,0.9,168.33,10.1,46.63
UGA_flucast-Copycat,2023-12-23,90.48,0.79,129.96,17.31,60.58
UGA_flucast-Copycat,2023-12-30,73.6,1.15,113.24,40.38,82.69
UGA_flucast-Copycat,2024-01-06,110.69,1.15,166.97,33.65,83.65
UGA_flucast-Copycat,2024-01-13,59.92,0.6,90.99,43.27,89.42
UGA_flucast-Copycat,2024-01-20,32.49,0.53,49.13,45.67,93.27
UGA_flucast-Copycat,2024-01-27,49.95,1.1,73.15,26.92,73.08
UGA_flucast-Copycat,2024-02-03,43.09,0.95,62.96,35.58,78.85
UGA_flucast-Copycat,2024-02-10,40.48,1.06,61.39,25.96,78.37
UGA_flucast-Copycat,2024-02-17,33.76,0.92,52.96,27.88,79.33
UGA_flucast-Copycat,2024-02-24,27.64,0.9,39.03,65.87,99.04
UGA_flucast-Copycat,2024-03-09,27.96,0.6,41.2,70.67,99.04
UGA_flucast-Copycat,2024-03-16,22.65,0.53,32.49,69.71,100
UGA_flucast-Copycat,2024-03-23,17.06,0.61,22.88,75,99.52
UGA_flucast-Copycat,2024-03-30,15.09,0.7,21.04,72.12,99.52
UGA_flucast-Copycat,2024-04-06,15.28,0.63,22.66,62.5,99.04
UGA_flucast-Copycat,2024-04-13,15.78,0.64,24.37,56.41,98.08
UGA_flucast-Copycat,2024-04-20,12.25,0.65,18.88,62.5,99.04
UGA_flucast-Copycat,2024-04-27,7.9,0.76,11.08,67.31,98.08
UGA_flucast-INFLAenza,2023-10-28,11.44,0.72,17.25,52.4,93.27
UGA_flucast-INFLAenza,2023-11-04,12.84,0.65,19.16,56.25,97.6
UGA_flucast-INFLAenza,2023-11-11,17.09,0.65,26.96,55.77,97.12
UGA_flucast-INFLAenza,2023-11-18,20.3,0.6,30.79,56.25,98.08
UGA_flucast-INFLAenza,2023-11-25,25.63,0.58,39.66,52.88,95.19
UGA_flucast-INFLAenza,2023-12-02,47.61,0.62,73.32,37.02,87.02
UGA_flucast-INFLAenza,2023-12-09,84.42,0.73,122.96,27.45,70.59
UGA_flucast-INFLAenza,2023-12-16,118.35,0.84,167.97,15.87,52.4
UGA_flucast-INFLAenza,2023-12-23,116.5,1.01,173.71,8.65,57.21
UGA_flucast-INFLAenza,2023-12-30,84.79,1.27,133.77,13.94,75.48
UGA_flucast-INFLAenza,2024-01-06,57.55,0.59,92.63,29.33,90.38
UGA_flucast-INFLAenza,2024-01-13,44.15,0.46,59.19,72.6,98.08
UGA_flucast-INFLAenza,2024-01-20,44.82,0.73,71.89,48.08,94.71
UGA_flucast-INFLAenza,2024-01-27,49.3,1.07,80.15,43.75,93.75
UGA_flucast-INFLAenza,2024-02-03,42.35,0.94,67.03,49.52,93.75
UGA_flucast-INFLAenza,2024-02-10,39.14,1.05,64.69,49.04,97.12
UGA_flucast-INFLAenza,2024-02-17,33.14,0.95,54.8,54.81,99.04
UGA_flucast-INFLAenza,2024-02-24,26.35,0.87,38.58,69.23,99.52
UGA_flucast-INFLAenza,2024-03-09,26.85,0.59,41.35,63.94,99.04
UGA_flucast-INFLAenza,2024-03-16,24.51,0.58,38.11,53.37,100
UGA_flucast-INFLAenza,2024-03-23,16.91,0.6,23.31,67.79,98.08
UGA_flucast-INFLAenza,2024-03-30,13.36,0.62,18.25,68.27,98.56
UGA_flucast-INFLAenza,2024-04-06,13.83,0.58,20.38,54.81,96.15
UGA_flucast-INFLAenza,2024-04-13,14.57,0.58,23.16,45.51,92.95
UGA_flucast-INFLAenza,2024-04-20,11.71,0.62,18.6,50.96,96.15
UGA_flucast-INFLAenza,2024-04-27,7.37,0.7,12.25,50,98.08
UGA_flucast-OKeeffe,2023-10-14,12.77,1.24,18.06,51.96,89.22
UGA_flucast-OKeeffe,2023-10-21,20.25,1.67,28.39,45.1,82.35
UGA_flucast-OKeeffe,2023-10-28,17.87,1.14,25.26,53.43,92.16
UGuelph-CompositeCurve,2023-10-28,34.29,2.54,47.76,34.69,68.37
UGuelph-CompositeCurve,2023-11-04,28.7,1.46,38.8,69.71,92.79
UGuelph-CompositeCurve,2023-11-11,36.81,1.33,50.73,62.5,88.46
UGuelph-CompositeCurve,2023-11-18,44.09,1.28,56.67,65.38,86.54
UGuelph-CompositeCurve,2023-11-25,57.67,1.29,78.47,62.02,86.54
UGuelph-CompositeCurve,2023-12-02,68.83,0.9,96.93,58.17,90.38
UGuelph-CompositeCurve,2023-12-09,101.58,0.88,138.15,47.55,77.45
UGuelph-CompositeCurve,2023-12-16,122.11,0.88,154.35,46.63,69.71
UGuelph-CompositeCurve,2023-12-23,91.65,0.8,138.54,49.52,78.37
UGuelph-CompositeCurve,2023-12-30,116.4,1.82,174.53,39.9,82.69
UGuelph-CompositeCurve,2024-01-06,183.66,1.89,290.18,23.08,67.79
UGuelph-CompositeCurve,2024-01-13,236.77,2.38,276.18,13.94,27.88
UGuelph-CompositeCurve,2024-01-20,97.71,1.56,128.38,36.06,71.63
UGuelph-CompositeCurve,2024-01-27,88.51,1.9,124.86,42.79,71.15
UGuelph-CompositeCurve,2024-02-03,94.4,2.06,134.66,40.38,69.71
UGuelph-CompositeCurve,2024-02-10,77.72,2.02,102.44,56.73,86.06
UGuelph-CompositeCurve,2024-02-17,250,6.72,279.62,51.44,78.37
UGuelph-CompositeCurve,2024-02-24,57.53,1.86,72.79,60.1,89.42
UGuelph-CompositeCurve,2024-03-02,52.32,1.53,92.9,21.63,100
UGuelph-CompositeCurve,2024-03-09,42.69,0.88,72.85,24.52,100
UGuelph-CompositeCurve,2024-03-16,38.13,0.86,62.66,22.12,100
UGuelph-CompositeCurve,2024-03-23,35.39,1.21,55.75,14.42,99.52
UGuelph-CompositeCurve,2024-03-30,31.78,1.39,47.71,12.02,97.12
UGuelph-CompositeCurve,2024-04-06,25.35,1.02,36.94,14.42,90.38
UGuelph-CompositeCurve,2024-04-13,20.01,0.78,29.26,16.67,82.69
UGuelph-CompositeCurve,2024-04-20,14.73,0.77,22.08,16.35,84.62
UGuelph-CompositeCurve,2024-04-27,11.96,1.09,17.93,17.31,84.62
UM-DeepOutbreak,2023-10-14,7.28,0.72,10.96,35.1,87.5
UM-DeepOutbreak,2023-10-21,16.9,1.44,22.7,18.75,58.65
UM-DeepOutbreak,2023-10-28,12.86,0.82,17.76,24.52,73.08
UM-DeepOutbreak,2023-11-04,19.9,1.04,26.11,30.77,63.46
UM-DeepOutbreak,2023-11-11,28.32,1.11,34.7,26.56,51.56
UM-DeepOutbreak,2023-11-18,28.87,0.92,38.54,30.1,58.67
UM-DeepOutbreak,2023-11-25,31.86,0.74,42.66,34.62,55.29
UM-DeepOutbreak,2023-12-02,65.4,0.86,77.97,31.25,39.42
UM-DeepOutbreak,2023-12-09,80.85,0.7,96.19,33.82,43.63
UM-DeepOutbreak,2023-12-16,96.04,0.69,117.31,34.62,50
UM-DeepOutbreak,2023-12-23,76.91,0.67,103.72,33.65,37.98
UM-DeepOutbreak,2023-12-30,104.31,1.65,150.14,67.31,77.4
UM-DeepOutbreak,2024-01-06,110.24,1.36,145.27,72.34,78.19
UM-DeepOutbreak,2024-01-13,69.54,0.72,77.3,85.58,90.38
UM-DeepOutbreak,2024-01-20,69.14,1.16,53.49,92.31,95.67
UM-DeepOutbreak,2024-01-27,76.78,1.72,83.65,93.75,96.15
UM-DeepOutbreak,2024-02-03,45.18,1.03,56.74,66.83,94.71
UM-DeepOutbreak,2024-02-10,43.85,1.2,54.26,70.19,96.15
UM-DeepOutbreak,2024-02-17,42.54,1.29,50.84,70.19,94.23
UM-DeepOutbreak,2024-02-24,38.58,1.29,43.64,76.92,97.12
UM-DeepOutbreak,2024-03-02,38.02,1.19,44.95,84.13,99.04
UM-DeepOutbreak,2024-03-09,43.57,0.95,63.21,74.04,96.63
UM-DeepOutbreak,2024-03-16,43.3,1.03,61.81,64.9,95.67
UM-DeepOutbreak,2024-03-23,30.05,1.1,36.66,77.4,99.04
UM-DeepOutbreak,2024-03-30,26.45,1.26,25.52,87.5,99.52
UM-DeepOutbreak,2024-04-06,25.57,1.09,27.35,90.38,100
UM-DeepOutbreak,2024-04-13,25.37,1.04,32.81,83.97,99.36
UM-DeepOutbreak,2024-04-20,16.96,0.9,19.92,89.42,100
UM-DeepOutbreak,2024-04-27,13.44,1.34,17.16,82.69,100
UMass-flusion,2023-10-14,11.25,1.18,16.27,68.75,100
UMass-flusion,2023-10-21,9.73,0.82,13.68,64.42,96.15
UMass-flusion,2023-10-28,10.9,0.69,15.3,67.31,97.12
UMass-flusion,2023-11-04,12.96,0.66,18.84,65.87,98.08
UMass-flusion,2023-11-11,16.54,0.63,26.5,66.83,98.56
UMass-flusion,2023-11-18,18.78,0.56,25.45,66.83,98.56
UMass-flusion,2023-11-25,22.05,0.51,33.39,73.56,100
UMass-flusion,2023-12-02,31.47,0.41,48.6,65.87,99.04
UMass-flusion,2023-12-09,46.62,0.4,70.67,55.39,96.08
UMass-flusion,2023-12-16,57.06,0.42,82.37,50,92.16
UMass-flusion,2023-12-23,52.99,0.46,77.81,47.12,88.46
UMass-flusion,2023-12-30,59.9,0.94,99.36,61.06,94.23
UMass-flusion,2024-01-06,75.63,0.79,122.23,43.27,93.75
UMass-flusion,2024-01-13,53.9,0.55,82.66,46.15,98.56
UMass-flusion,2024-01-20,32.16,0.53,50.18,60.58,99.52
UMass-flusion,2024-01-27,43.24,0.95,68.89,32.69,96.63
UMass-flusion,2024-02-03,43.07,0.94,67.06,38.46,90.38
UMass-flusion,2024-02-10,45.42,1.19,72.2,33.65,93.27
UMass-flusion,2024-02-17,36.33,0.99,59.68,37.02,92.31
UMass-flusion,2024-02-24,23.7,0.77,35.44,57.21,94.23
UMass-flusion,2024-03-02,20.86,0.63,30.65,64.9,95.19
UMass-flusion,2024-03-09,21.2,0.46,34.72,63.46,99.52
UMass-flusion,2024-03-16,17.48,0.41,25.84,72.6,100
UMass-flusion,2024-03-23,14.65,0.53,21.17,74.52,100
UMass-flusion,2024-03-30,13.95,0.65,22.13,61.06,99.52
UMass-flusion,2024-04-06,10.23,0.43,13.35,72.6,99.04
UMass-flusion,2024-04-13,9.63,0.4,14.21,64.74,99.36
UMass-flusion,2024-04-20,8.55,0.45,13.09,58.65,99.04
UMass-flusion,2024-04-27,6.3,0.6,8.79,61.54,98.08
UMass-trends_ensemble,2023-10-14,8.36,0.83,12.01,77.88,97.12
UMass-trends_ensemble,2023-10-21,9.51,0.79,15.13,73.56,98.08
UMass-trends_ensemble,2023-10-28,12.12,0.79,18.83,71.63,98.08
UMass-trends_ensemble,2023-11-04,17.61,0.92,29.02,61.54,94.71
UMass-trends_ensemble,2023-11-11,23.51,0.92,36.05,56.73,90.38
UMass-trends_ensemble,2023-11-18,24.73,0.77,42.14,60.1,94.23
UMass-trends_ensemble,2023-11-25,33.61,0.78,53.87,45.19,87.98
UMass-trends_ensemble,2023-12-02,60.11,0.8,89.03,36.06,71.15
UMass-trends_ensemble,2023-12-09,85.83,0.75,127.25,32.35,66.67
UMass-trends_ensemble,2023-12-16,100.91,0.75,150.53,20.59,67.16
UMass-trends_ensemble,2023-12-23,79.35,0.69,119.75,31.73,73.56
UMass-trends_ensemble,2023-12-30,72.96,1.16,108.38,53.37,86.54
UMass-trends_ensemble,2024-01-06,132.66,1.39,204.79,36.54,92.31
UMass-trends_ensemble,2024-01-13,95.45,0.98,156.8,46.15,99.04
UMass-trends_ensemble,2024-01-20,55.46,0.92,87.18,72.12,98.56
UMass-trends_ensemble,2024-01-27,39.01,0.87,52.99,80.29,99.04
UMass-trends_ensemble,2024-02-03,39.46,0.89,54.97,79.33,96.63
UMass-trends_ensemble,2024-02-10,35.14,0.94,51.52,80.77,98.56
UMass-trends_ensemble,2024-02-17,33.71,0.95,47.6,75.48,97.12
UMass-trends_ensemble,2024-02-24,30.09,0.97,41.27,75,98.08
UMass-trends_ensemble,2024-03-02,33.46,1,46.4,73.56,97.12
UMass-trends_ensemble,2024-03-09,41.05,0.88,67.03,62.98,97.12
UMass-trends_ensemble,2024-03-16,34.68,0.8,58.34,60.1,95.67
UMass-trends_ensemble,2024-03-23,42.29,1.49,71.49,61.06,93.27
UMass-trends_ensemble,2024-03-30,19.84,0.92,27.16,86.06,100
UMass-trends_ensemble,2024-04-06,20.18,0.84,31.67,82.69,99.52
UMass-trends_ensemble,2024-04-13,21.15,0.84,35.46,66.03,98.08
UMass-trends_ensemble,2024-04-20,15.7,0.83,26.58,71.15,98.08
UMass-trends_ensemble,2024-04-27,9.13,0.86,14.21,78.85,100
UNC_IDD-InfluPaint,2023-11-11,29.58,1.16,36.59,25.49,58.33
UNC_IDD-InfluPaint,2023-11-18,30.47,0.93,42.25,26.96,70.1
UNC_IDD-InfluPaint,2023-11-25,34.07,0.76,48.83,27.45,78.92
UNC_IDD-InfluPaint,2023-12-09,49.6,0.42,80.73,42.5,90
UNC_IDD-InfluPaint,2023-12-16,66.66,0.46,96.82,39.22,77.94
UNC_IDD-InfluPaint,2023-12-23,68.31,0.59,103.53,34.31,79.9
UNC_IDD-InfluPaint,2023-12-30,143.79,2.23,213.5,15.2,54.9
UNC_IDD-InfluPaint,2024-01-06,290.24,2.95,390.21,2.94,24.02
UNC_IDD-InfluPaint,2024-01-13,141.05,1.4,198.43,5.88,39.71
UNC_IDD-InfluPaint,2024-01-20,50.81,0.82,74.57,30.39,76.96
UNC_IDD-InfluPaint,2024-01-27,78.15,1.65,103.15,21.08,60.78
UNC_IDD-InfluPaint,2024-02-03,82.11,1.71,105.74,12.75,45.59
UNC_IDD-InfluPaint,2024-02-10,49.72,1.37,73.44,38.24,74.02
UNC_IDD-InfluPaint,2024-02-17,36.41,0.95,53.34,28.43,75.49
UNC_IDD-InfluPaint,2024-02-24,29.79,0.92,45.8,36.76,85.29
UNC_IDD-InfluPaint,2024-03-02,31.2,0.89,45.91,42.16,87.25
UNC_IDD-InfluPaint,2024-03-09,34.74,0.71,51.42,27.94,77.94
UNC_IDD-InfluPaint,2024-03-16,22.65,0.51,34.7,34.8,86.76
UNC_IDD-InfluPaint,2024-03-23,20.31,0.73,29.44,30.88,87.25
UNC_IDD-InfluPaint,2024-03-30,24.91,1.14,33.53,25.49,69.12
UNC_IDD-InfluPaint,2024-04-13,10.85,0.45,17.72,40.52,94.77
UNC_IDD-InfluPaint,2024-04-20,10.75,0.57,16.52,51.96,93.14
UNC_IDD-InfluPaint,2024-04-27,8.61,0.8,13.85,47.06,96.08
UVAFluX-Ensemble,2023-10-14,9.38,0.88,12.35,28.85,62.02
UVAFluX-Ensemble,2023-10-21,12.13,1,15.85,32.69,70.67
UVAFluX-Ensemble,2023-10-28,14.99,0.97,19.3,35.58,69.71
UVAFluX-Ensemble,2023-11-04,21.23,1.1,27.12,23.56,58.65
UVAFluX-Ensemble,2023-11-11,25.99,1.02,32.9,32.21,60.1
UVAFluX-Ensemble,2023-11-18,27.83,0.85,37.81,27.88,58.65
UVAFluX-Ensemble,2023-11-25,36.92,0.82,45.58,25,48.56
UVAFluX-Ensemble,2023-12-02,60.68,0.8,72.37,16.35,38.94
UVAFluX-Ensemble,2023-12-09,69.83,0.6,88.71,23.04,47.06
UVAFluX-Ensemble,2023-12-16,75.22,0.53,105.55,30.29,76.44
UVAFluX-Ensemble,2023-12-23,68.69,0.6,100.58,36.06,79.33
UVAFluX-Ensemble,2023-12-30,140.65,2.24,202.24,33.17,77.4
UVAFluX-Ensemble,2024-01-06,273.88,2.88,375.15,15.87,46.63
UVAFluX-Ensemble,2024-01-13,117.81,1.2,184.48,10.1,74.04
UVAFluX-Ensemble,2024-01-20,51.67,0.84,77.08,56.25,92.79
UVAFluX-Ensemble,2024-01-27,42.7,0.97,66.36,50,96.63
UVAFluX-Ensemble,2024-02-03,38.67,0.85,54.67,70.19,95.67
UVAFluX-Ensemble,2024-02-10,35.19,0.94,54.33,47.12,94.23
UVAFluX-Ensemble,2024-02-17,34.22,0.96,52.8,45.67,93.27
UVAFluX-Ensemble,2024-02-24,31.19,1.01,44.66,62.02,94.23
UVAFluX-Ensemble,2024-03-02,38.44,1.16,56.13,61.06,88.94
UVAFluX-Ensemble,2024-03-09,47.83,0.99,72.43,42.79,85.1
UVAFluX-Ensemble,2024-03-16,40.52,0.92,60.73,41.83,84.13
UVAFluX-Ensemble,2024-03-23,21.74,0.76,35,53.85,98.56
UVAFluX-Ensemble,2024-03-30,17.06,0.78,26.46,58.17,97.12
UVAFluX-Ensemble,2024-04-06,15.35,0.64,24.29,51.92,100
UVAFluX-Ensemble,2024-04-13,16.78,0.68,27.74,50,99.36
UVAFluX-Ensemble,2024-04-27,8.15,0.77,13.37,67.31,98.08
VTSanghani-Ensemble,2023-10-14,37.41,3.78,51.46,29.81,67.31
VTSanghani-Ensemble,2023-10-21,19.5,1.66,24.3,11.54,62.98
VTSanghani-Ensemble,2023-10-28,28.39,1.66,33.25,18.75,63.94
VTSanghani-Ensemble,2023-11-04,34.69,1.72,39.78,18.75,63.94
VTSanghani-Ensemble,2023-11-11,33.82,1.3,49.24,57.21,91.83
VTSanghani-Ensemble,2023-11-18,43.97,1.36,63.08,72.6,89.9
VTSanghani-Ensemble,2023-11-25,65.38,1.51,85.64,34.62,69.71
VTSanghani-Ensemble,2023-12-02,75.3,1,88.23,13.46,29.33
VTSanghani-Ensemble,2023-12-09,125,1.09,142.07,8.82,20.59
VTSanghani-Ensemble,2023-12-16,126.67,0.9,147.13,7.21,23.56
VTSanghani-Ensemble,2023-12-23,124.95,1.07,147.93,8.65,20.67
VTSanghani-Ensemble,2023-12-30,80.08,1.25,105.45,21.63,48.56
VTSanghani-Ensemble,2024-01-06,82.95,0.9,118.55,18.75,49.52
VTSanghani-Ensemble,2024-01-13,162.09,1.71,216.31,4.33,25.48
VTSanghani-Ensemble,2024-01-27,77.11,1.73,101.48,15.38,35.58
VTSanghani-Ensemble,2024-02-10,56.34,1.54,72.64,27.88,51.92
VTSanghani-Ensemble,2024-02-17,55.5,1.6,72.84,23.08,51.44
VTSanghani-Ensemble,2024-02-24,42.51,1.4,57.86,25.48,54.81
VTSanghani-Ensemble,2024-03-02,37.22,1.15,51.51,27.4,59.62
VTSanghani-Ensemble,2024-03-16,77,1.84,96.2,7.21,18.27
VTSanghani-Ensemble,2024-03-23,87.91,3.23,111.91,8.17,23.08
VTSanghani-Ensemble,2024-04-06,25.34,1.11,39.62,24.04,64.42
VTSanghani-Ensemble,2024-04-13,27.58,1.12,37.4,26.28,55.77
VTSanghani-Ensemble,2024-04-20,19.71,1.04,27.12,14.42,49.04
VTSanghani-Ensemble,2024-04-27,11.17,1.07,15.94,7.69,36.54
cfarenewal-cfaepimlight,2023-10-14,20.79,1.93,18.5,61.06,98.08
cfarenewal-cfaepimlight,2023-10-21,11.28,0.95,16.09,55.77,97.12
cfarenewal-cfaepimlight,2023-10-28,14.2,0.92,20.3,48.08,96.63
cfarenewal-cfaepimlight,2023-11-04,19.72,1.03,27.74,40.38,92.31
cfarenewal-cfaepimlight,2023-11-11,25.56,0.98,34.94,48.08,94.23
cfarenewal-cfaepimlight,2023-11-18,28.94,0.9,42.92,50.48,97.12
cfarenewal-cfaepimlight,2023-11-25,35.73,0.83,52.1,54.81,96.15
cfarenewal-cfaepimlight,2023-12-02,46.64,0.62,74,42.79,95.19
cfarenewal-cfaepimlight,2023-12-09,67.09,0.58,99.61,45.1,89.71
cfarenewal-cfaepimlight,2023-12-16,90.98,0.67,140.3,36.54,87.98
cfarenewal-cfaepimlight,2023-12-23,71.73,0.63,105.66,40.38,89.9
cfarenewal-cfaepimlight,2023-12-30,99.85,1.6,152.08,44.71,91.83
cfarenewal-cfaepimlight,2024-01-06,145.27,1.46,221.26,32.21,84.13
cfarenewal-cfaepimlight,2024-01-13,62.88,0.64,100.81,49.52,98.08
cfarenewal-cfaepimlight,2024-01-20,68.8,1.13,109.7,24.52,90.38
cfarenewal-cfaepimlight,2024-01-27,75.28,1.66,117.28,15.87,79.81
cfarenewal-cfaepimlight,2024-02-03,53.59,1.17,83.63,39.42,90.87
cfarenewal-cfaepimlight,2024-02-10,51.08,1.36,83.67,38.46,92.79
cfarenewal-cfaepimlight,2024-02-17,43.2,1.23,70.37,34,92.5
cfarenewal-cfaepimlight,2024-02-24,37.18,1.22,60.36,47.6,94.23
cfarenewal-cfaepimlight,2024-03-02,29.18,0.87,44.33,50.51,95.41
cfarenewal-cfaepimlight,2024-03-09,25.42,0.5,37.12,60,99.44
cfarenewal-cfaepimlight,2024-03-16,20.39,0.49,32.4,61.06,98.08
cfarenewal-cfaepimlight,2024-03-23,20.98,0.76,32.47,52.88,98.56
cfarenewal-cfaepimlight,2024-03-30,18.82,0.86,31.14,37.75,97.06
cfarenewal-cfaepimlight,2024-04-06,10.96,0.45,16.14,61.5,99.5
cfarenewal-cfaepimlight,2024-04-13,13.39,0.55,21.19,58.17,98.04
cfarenewal-cfaepimlight,2024-04-20,9.77,0.5,15.57,54,96
cfarenewal-cfaepimlight,2024-04-27,6.26,0.59,9.76,56.86,96.08
fjordhest-ensemble,2023-10-14,11.12,1.14,12.58,83.65,95.19
fjordhest-ensemble,2023-10-21,10.08,0.84,16.05,67.79,93.75
fjordhest-ensemble,2023-10-28,11.15,0.72,18.43,55.77,96.63
fjordhest-ensemble,2023-11-04,16.45,0.86,27.24,40.87,94.23
fjordhest-ensemble,2023-11-11,23.02,0.9,35.95,35.1,87.02
fjordhest-ensemble,2023-11-18,22.84,0.7,37.06,40.38,88.94
fjordhest-ensemble,2023-11-25,30.21,0.69,45.83,37.02,88.46
fjordhest-ensemble,2023-12-02,49.84,0.66,81.2,26.44,84.62
fjordhest-ensemble,2023-12-09,71.02,0.61,114.22,26.96,79.9
fjordhest-ensemble,2023-12-16,90.17,0.64,134.4,23.08,72.6
fjordhest-ensemble,2023-12-23,66.47,0.58,101.5,35.1,80.77
fjordhest-ensemble,2023-12-30,95.6,1.52,147.44,37.02,85.58
fjordhest-ensemble,2024-01-06,202,2.11,311.48,18.27,65.38
fjordhest-ensemble,2024-01-13,97.78,1,152.13,13.94,75
fjordhest-ensemble,2024-01-20,43.38,0.72,71.35,40.87,91.35
fjordhest-ensemble,2024-01-27,36.83,0.83,60.21,46.63,93.75
fjordhest-ensemble,2024-02-03,34.69,0.79,53.24,62.98,95.19
fjordhest-ensemble,2024-02-10,31.46,0.85,50.04,58.17,98.08
fjordhest-ensemble,2024-02-17,28.97,0.84,45.97,57.69,98.08
fjordhest-ensemble,2024-02-24,25.86,0.85,36.19,67.31,95.19
fjordhest-ensemble,2024-03-02,28.08,0.86,40.65,62.5,96.63
fjordhest-ensemble,2024-03-09,30.97,0.67,51.1,49.04,95.67
fjordhest-ensemble,2024-03-16,22.82,0.54,34.51,50.96,92.79
fjordhest-ensemble,2024-03-23,15.51,0.57,21.71,69.23,98.08
fjordhest-ensemble,2024-03-30,15.1,0.7,24.69,48.56,98.08
fjordhest-ensemble,2024-04-06,11.16,0.47,17.93,53.85,98.56
fjordhest-ensemble,2024-04-13,13.45,0.55,20.84,59.62,99.36
fjordhest-ensemble,2024-04-20,11.33,0.6,17.76,45.19,94.23
fjordhest-ensemble,2024-04-27,7.03,0.66,11.2,28.85,88.46
