reference_date,horizon,target,target_end_date,location,output_type,output_type_id,value
2022-11-26,1,wk inc hosp,2022-12-03,06,quantile,0.01,58
2022-11-26,1,wk inc hosp,2022-12-03,06,quantile,0.025,69.27169696696967
2022-11-26,1,wk inc hosp,2022-12-03,06,quantile,0.05,73.80946809468094
2022-11-26,1,wk inc hosp,2022-12-03,06,quantile,0.1,79.13580235802358
2022-11-26,1,wk inc hosp,2022-12-03,06,quantile,0.15,83
2022-11-26,1,wk inc hosp,2022-12-03,06,quantile,0.2,86
2022-11-26,1,wk inc hosp,2022-12-03,06,quantile,0.25,87
2022-11-26,1,wk inc hosp,2022-12-03,06,quantile,0.3,90
2022-11-26,1,wk inc hosp,2022-12-03,06,quantile,0.35,91
2022-11-26,1,wk inc hosp,2022-12-03,06,quantile,0.4,91
2022-11-26,1,wk inc hosp,2022-12-03,06,quantile,0.45,93.5650526505265
2022-11-26,1,wk inc hosp,2022-12-03,06,quantile,0.5,94
2022-11-26,1,wk inc hosp,2022-12-03,06,quantile,0.55,94.05624606246063
2022-11-26,1,wk inc hosp,2022-12-03,06,quantile,0.6,97
2022-11-26,1,wk inc hosp,2022-12-03,06,quantile,0.65,97
2022-11-26,1,wk inc hosp,2022-12-03,06,quantile,0.7,98
2022-11-26,1,wk inc hosp,2022-12-03,06,quantile,0.75,100.9079515795158
2022-11-26,1,wk inc hosp,2022-12-03,06,quantile,0.8,101.92027720277206
2022-11-26,1,wk inc hosp,2022-12-03,06,quantile,0.85,105
2022-11-26,1,wk inc hosp,2022-12-03,06,quantile,0.9,109
2022-11-26,1,wk inc hosp,2022-12-03,06,quantile,0.95,114.44906849068488
2022-11-26,1,wk inc hosp,2022-12-03,06,quantile,0.975,118.91933444334437
2022-11-26,1,wk inc hosp,2022-12-03,06,quantile,0.99,130
2022-11-26,1,wk inc hosp,2022-12-03,08,quantile,0.01,191.33209252092522
2022-11-26,1,wk inc hosp,2022-12-03,08,quantile,0.025,226.17615876158763
2022-11-26,1,wk inc hosp,2022-12-03,08,quantile,0.05,244.0107551075511
2022-11-26,1,wk inc hosp,2022-12-03,08,quantile,0.1,264
2022-11-26,1,wk inc hosp,2022-12-03,08,quantile,0.15,271.2492034920349
2022-11-26,1,wk inc hosp,2022-12-03,08,quantile,0.2,276.57290972909726
2022-11-26,1,wk inc hosp,2022-12-03,08,quantile,0.25,281
2022-11-26,1,wk inc hosp,2022-12-03,08,quantile,0.3,284
2022-11-26,1,wk inc hosp,2022-12-03,08,quantile,0.35,285
2022-11-26,1,wk inc hosp,2022-12-03,08,quantile,0.4,287
2022-11-26,1,wk inc hosp,2022-12-03,08,quantile,0.45,289.2040095400954
2022-11-26,1,wk inc hosp,2022-12-03,08,quantile,0.5,290
2022-11-26,1,wk inc hosp,2022-12-03,08,quantile,0.55,290.80153001530016
2022-11-26,1,wk inc hosp,2022-12-03,08,quantile,0.6,293
2022-11-26,1,wk inc hosp,2022-12-03,08,quantile,0.65,295
2022-11-26,1,wk inc hosp,2022-12-03,08,quantile,0.7,296
2022-11-26,1,wk inc hosp,2022-12-03,08,quantile,0.75,299
2022-11-26,1,wk inc hosp,2022-12-03,08,quantile,0.8,303.27531275312754
2022-11-26,1,wk inc hosp,2022-12-03,08,quantile,0.85,308.7320673206732
2022-11-26,1,wk inc hosp,2022-12-03,08,quantile,0.9,316
2022-11-26,1,wk inc hosp,2022-12-03,08,quantile,0.95,335.6659751597516
2022-11-26,1,wk inc hosp,2022-12-03,08,quantile,0.975,353.6603253532535
2022-11-26,1,wk inc hosp,2022-12-03,08,quantile,0.99,390.0862082620827
2022-11-26,1,wk inc hosp,2022-12-03,09,quantile,0.01,11
2022-11-26,1,wk inc hosp,2022-12-03,09,quantile,0.025,14.355177301773024
2022-11-26,1,wk inc hosp,2022-12-03,09,quantile,0.05,19.538106381063812
2022-11-26,1,wk inc hosp,2022-12-03,09,quantile,0.1,23.118072180721803
2022-11-26,1,wk inc hosp,2022-12-03,09,quantile,0.15,25
2022-11-26,1,wk inc hosp,2022-12-03,09,quantile,0.2,26
2022-11-26,1,wk inc hosp,2022-12-03,09,quantile,0.25,27
2022-11-26,1,wk inc hosp,2022-12-03,09,quantile,0.3,28
2022-11-26,1,wk inc hosp,2022-12-03,09,quantile,0.35,28
2022-11-26,1,wk inc hosp,2022-12-03,09,quantile,0.4,29
2022-11-26,1,wk inc hosp,2022-12-03,09,quantile,0.45,29.445652956529564
2022-11-26,1,wk inc hosp,2022-12-03,09,quantile,0.5,30
2022-11-26,1,wk inc hosp,2022-12-03,09,quantile,0.55,30.58865088650887
2022-11-26,1,wk inc hosp,2022-12-03,09,quantile,0.6,31
2022-11-26,1,wk inc hosp,2022-12-03,09,quantile,0.65,32
2022-11-26,1,wk inc hosp,2022-12-03,09,quantile,0.7,32
2022-11-26,1,wk inc hosp,2022-12-03,09,quantile,0.75,33
2022-11-26,1,wk inc hosp,2022-12-03,09,quantile,0.8,34
2022-11-26,1,wk inc hosp,2022-12-03,09,quantile,0.85,35
2022-11-26,1,wk inc hosp,2022-12-03,09,quantile,0.9,36.87691476914771
2022-11-26,1,wk inc hosp,2022-12-03,09,quantile,0.95,40.51817568175681
2022-11-26,1,wk inc hosp,2022-12-03,09,quantile,0.975,45.49690846908466
2022-11-26,1,wk inc hosp,2022-12-03,09,quantile,0.99,49
2022-11-26,1,wk inc hosp,2022-12-03,13,quantile,0.01,0
2022-11-26,1,wk inc hosp,2022-12-03,13,quantile,0.025,5
2022-11-26,1,wk inc hosp,2022-12-03,13,quantile,0.05,11.378255782557831
2022-11-26,1,wk inc hosp,2022-12-03,13,quantile,0.1,17
2022-11-26,1,wk inc hosp,2022-12-03,13,quantile,0.15,21
2022-11-26,1,wk inc hosp,2022-12-03,13,quantile,0.2,22.61818018180182
2022-11-26,1,wk inc hosp,2022-12-03,13,quantile,0.25,25.518787687876877
2022-11-26,1,wk inc hosp,2022-12-03,13,quantile,0.3,26.30564305643057
2022-11-26,1,wk inc hosp,2022-12-03,13,quantile,0.35,29.908221582215816
2022-11-26,1,wk inc hosp,2022-12-03,13,quantile,0.4,30
2022-11-26,1,wk inc hosp,2022-12-03,13,quantile,0.45,33.16150661506615
2022-11-26,1,wk inc hosp,2022-12-03,13,quantile,0.5,34
2022-11-26,1,wk inc hosp,2022-12-03,13,quantile,0.55,34.824178741787414
2022-11-26,1,wk inc hosp,2022-12-03,13,quantile,0.6,38
2022-11-26,1,wk inc hosp,2022-12-03,13,quantile,0.65,38.192367923679235
2022-11-26,1,wk inc hosp,2022-12-03,13,quantile,0.7,41.94251642516423
2022-11-26,1,wk inc hosp,2022-12-03,13,quantile,0.75,42.44527945279452
2022-11-26,1,wk inc hosp,2022-12-03,13,quantile,0.8,45.403888038880524
2022-11-26,1,wk inc hosp,2022-12-03,13,quantile,0.85,47
2022-11-26,1,wk inc hosp,2022-12-03,13,quantile,0.9,51
2022-11-26,1,wk inc hosp,2022-12-03,13,quantile,0.95,56.66470614706136
2022-11-26,1,wk inc hosp,2022-12-03,13,quantile,0.975,63
2022-11-26,1,wk inc hosp,2022-12-03,13,quantile,0.99,68.7731815318153
2022-11-26,1,wk inc hosp,2022-12-03,24,quantile,0.01,67.81084600846009
2022-11-26,1,wk inc hosp,2022-12-03,24,quantile,0.025,85.62193546935468
2022-11-26,1,wk inc hosp,2022-12-03,24,quantile,0.05,97.7870758707587
2022-11-26,1,wk inc hosp,2022-12-03,24,quantile,0.1,107
2022-11-26,1,wk inc hosp,2022-12-03,24,quantile,0.15,110
2022-11-26,1,wk inc hosp,2022-12-03,24,quantile,0.2,112.80973809738097
2022-11-26,1,wk inc hosp,2022-12-03,24,quantile,0.25,113
2022-11-26,1,wk inc hosp,2022-12-03,24,quantile,0.3,113
2022-11-26,1,wk inc hosp,2022-12-03,24,quantile,0.35,113.5871028710287
2022-11-26,1,wk inc hosp,2022-12-03,24,quantile,0.4,116
2022-11-26,1,wk inc hosp,2022-12-03,24,quantile,0.45,116
2022-11-26,1,wk inc hosp,2022-12-03,24,quantile,0.5,116
2022-11-26,1,wk inc hosp,2022-12-03,24,quantile,0.55,116
2022-11-26,1,wk inc hosp,2022-12-03,24,quantile,0.6,116
2022-11-26,1,wk inc hosp,2022-12-03,24,quantile,0.65,118.39770047700478
2022-11-26,1,wk inc hosp,2022-12-03,24,quantile,0.7,119
2022-11-26,1,wk inc hosp,2022-12-03,24,quantile,0.75,119
2022-11-26,1,wk inc hosp,2022-12-03,24,quantile,0.8,119.1526415264153
2022-11-26,1,wk inc hosp,2022-12-03,24,quantile,0.85,122
2022-11-26,1,wk inc hosp,2022-12-03,24,quantile,0.9,125
2022-11-26,1,wk inc hosp,2022-12-03,24,quantile,0.95,134.2242912429124
2022-11-26,1,wk inc hosp,2022-12-03,24,quantile,0.975,146.36307038070376
2022-11-26,1,wk inc hosp,2022-12-03,24,quantile,0.99,164.44478444784448
2022-11-26,1,wk inc hosp,2022-12-03,26,quantile,0.01,64.37555755557557
2022-11-26,1,wk inc hosp,2022-12-03,26,quantile,0.025,71.51983619836199
2022-11-26,1,wk inc hosp,2022-12-03,26,quantile,0.05,80.61287912879129
2022-11-26,1,wk inc hosp,2022-12-03,26,quantile,0.1,92.4121321213212
2022-11-26,1,wk inc hosp,2022-12-03,26,quantile,0.15,95.82952029520294
2022-11-26,1,wk inc hosp,2022-12-03,26,quantile,0.2,97.56664566645667
2022-11-26,1,wk inc hosp,2022-12-03,26,quantile,0.25,98.19170191701917
2022-11-26,1,wk inc hosp,2022-12-03,26,quantile,0.3,100
2022-11-26,1,wk inc hosp,2022-12-03,26,quantile,0.35,100
2022-11-26,1,wk inc hosp,2022-12-03,26,quantile,0.4,101
2022-11-26,1,wk inc hosp,2022-12-03,26,quantile,0.45,102
2022-11-26,1,wk inc hosp,2022-12-03,26,quantile,0.5,102
2022-11-26,1,wk inc hosp,2022-12-03,26,quantile,0.55,102
2022-11-26,1,wk inc hosp,2022-12-03,26,quantile,0.6,103
2022-11-26,1,wk inc hosp,2022-12-03,26,quantile,0.65,104
2022-11-26,1,wk inc hosp,2022-12-03,26,quantile,0.7,104
2022-11-26,1,wk inc hosp,2022-12-03,26,quantile,0.75,105.69172441724416
2022-11-26,1,wk inc hosp,2022-12-03,26,quantile,0.8,106.41897218972191
2022-11-26,1,wk inc hosp,2022-12-03,26,quantile,0.85,108.24937449374494
2022-11-26,1,wk inc hosp,2022-12-03,26,quantile,0.9,111.5610746107461
2022-11-26,1,wk inc hosp,2022-12-03,26,quantile,0.95,123.39119791197906
2022-11-26,1,wk inc hosp,2022-12-03,26,quantile,0.975,132.62120196201965
2022-11-26,1,wk inc hosp,2022-12-03,26,quantile,0.99,139.66946809468092
2022-11-26,1,wk inc hosp,2022-12-03,27,quantile,0.01,103.73884438844388
2022-11-26,1,wk inc hosp,2022-12-03,27,quantile,0.025,114.54779497794979
2022-11-26,1,wk inc hosp,2022-12-03,27,quantile,0.05,128.18772837728378
2022-11-26,1,wk inc hosp,2022-12-03,27,quantile,0.1,137.84975249752497
2022-11-26,1,wk inc hosp,2022-12-03,27,quantile,0.15,141.0431329313293
2022-11-26,1,wk inc hosp,2022-12-03,27,quantile,0.2,144
2022-11-26,1,wk inc hosp,2022-12-03,27,quantile,0.25,146.34767347673477
2022-11-26,1,wk inc hosp,2022-12-03,27,quantile,0.3,148
2022-11-26,1,wk inc hosp,2022-12-03,27,quantile,0.35,150
2022-11-26,1,wk inc hosp,2022-12-03,27,quantile,0.4,151
2022-11-26,1,wk inc hosp,2022-12-03,27,quantile,0.45,153
2022-11-26,1,wk inc hosp,2022-12-03,27,quantile,0.5,154
2022-11-26,1,wk inc hosp,2022-12-03,27,quantile,0.55,155
2022-11-26,1,wk inc hosp,2022-12-03,27,quantile,0.6,157
2022-11-26,1,wk inc hosp,2022-12-03,27,quantile,0.65,158
2022-11-26,1,wk inc hosp,2022-12-03,27,quantile,0.7,160
2022-11-26,1,wk inc hosp,2022-12-03,27,quantile,0.75,161.5630681306813
2022-11-26,1,wk inc hosp,2022-12-03,27,quantile,0.8,164
2022-11-26,1,wk inc hosp,2022-12-03,27,quantile,0.85,166.96276662766624
2022-11-26,1,wk inc hosp,2022-12-03,27,quantile,0.9,170.27679776797774
2022-11-26,1,wk inc hosp,2022-12-03,27,quantile,0.95,179.97557825578244
2022-11-26,1,wk inc hosp,2022-12-03,27,quantile,0.975,193.10230177301764
2022-11-26,1,wk inc hosp,2022-12-03,27,quantile,0.99,203.90109441094407
2022-11-26,1,wk inc hosp,2022-12-03,35,quantile,0.01,81.04722977229773
2022-11-26,1,wk inc hosp,2022-12-03,35,quantile,0.025,89.06583565835659
2022-11-26,1,wk inc hosp,2022-12-03,35,quantile,0.05,97.16813068130682
2022-11-26,1,wk inc hosp,2022-12-03,35,quantile,0.1,101.18151381513816
2022-11-26,1,wk inc hosp,2022-12-03,35,quantile,0.15,103.96559265592656
2022-11-26,1,wk inc hosp,2022-12-03,35,quantile,0.2,105.49757897578976
2022-11-26,1,wk inc hosp,2022-12-03,35,quantile,0.25,107
2022-11-26,1,wk inc hosp,2022-12-03,35,quantile,0.3,108
2022-11-26,1,wk inc hosp,2022-12-03,35,quantile,0.35,109
2022-11-26,1,wk inc hosp,2022-12-03,35,quantile,0.4,110
2022-11-26,1,wk inc hosp,2022-12-03,35,quantile,0.45,111
2022-11-26,1,wk inc hosp,2022-12-03,35,quantile,0.5,111
2022-11-26,1,wk inc hosp,2022-12-03,35,quantile,0.55,111
2022-11-26,1,wk inc hosp,2022-12-03,35,quantile,0.6,112
2022-11-26,1,wk inc hosp,2022-12-03,35,quantile,0.65,113
2022-11-26,1,wk inc hosp,2022-12-03,35,quantile,0.7,114
2022-11-26,1,wk inc hosp,2022-12-03,35,quantile,0.75,115
2022-11-26,1,wk inc hosp,2022-12-03,35,quantile,0.8,116.52450724507247
2022-11-26,1,wk inc hosp,2022-12-03,35,quantile,0.85,118.04450094500945
2022-11-26,1,wk inc hosp,2022-12-03,35,quantile,0.9,120.85230852308524
2022-11-26,1,wk inc hosp,2022-12-03,35,quantile,0.95,124.79443794437944
2022-11-26,1,wk inc hosp,2022-12-03,35,quantile,0.975,132.5676491764916
2022-11-26,1,wk inc hosp,2022-12-03,35,quantile,0.99,140.93915849158478
2022-11-26,1,wk inc hosp,2022-12-03,36,quantile,0.01,80.66883808838088
2022-11-26,1,wk inc hosp,2022-12-03,36,quantile,0.025,84.3880343803438
2022-11-26,1,wk inc hosp,2022-12-03,36,quantile,0.05,93.44950949509494
2022-11-26,1,wk inc hosp,2022-12-03,36,quantile,0.1,108.96185761857619
2022-11-26,1,wk inc hosp,2022-12-03,36,quantile,0.15,112.70931059310594
2022-11-26,1,wk inc hosp,2022-12-03,36,quantile,0.2,114.26215462154622
2022-11-26,1,wk inc hosp,2022-12-03,36,quantile,0.25,115.95938709387094
2022-11-26,1,wk inc hosp,2022-12-03,36,quantile,0.3,117
2022-11-26,1,wk inc hosp,2022-12-03,36,quantile,0.35,118
2022-11-26,1,wk inc hosp,2022-12-03,36,quantile,0.4,118.20221402214023
2022-11-26,1,wk inc hosp,2022-12-03,36,quantile,0.45,119.74017190171902
2022-11-26,1,wk inc hosp,2022-12-03,36,quantile,0.5,120
2022-11-26,1,wk inc hosp,2022-12-03,36,quantile,0.55,120.26216812168121
2022-11-26,1,wk inc hosp,2022-12-03,36,quantile,0.6,121.79720997209971
2022-11-26,1,wk inc hosp,2022-12-03,36,quantile,0.65,122
2022-11-26,1,wk inc hosp,2022-12-03,36,quantile,0.7,123
2022-11-26,1,wk inc hosp,2022-12-03,36,quantile,0.75,124.0441679416794
2022-11-26,1,wk inc hosp,2022-12-03,36,quantile,0.8,125.66294662946629
2022-11-26,1,wk inc hosp,2022-12-03,36,quantile,0.85,127.26472414724148
2022-11-26,1,wk inc hosp,2022-12-03,36,quantile,0.9,131
2022-11-26,1,wk inc hosp,2022-12-03,36,quantile,0.95,146.43829538295373
2022-11-26,1,wk inc hosp,2022-12-03,36,quantile,0.975,155.6948969489695
2022-11-26,1,wk inc hosp,2022-12-03,36,quantile,0.99,159.46959319593196
2022-11-26,1,wk inc hosp,2022-12-03,41,quantile,0.01,33.603846638466386
2022-11-26,1,wk inc hosp,2022-12-03,41,quantile,0.025,39.31449464494645
2022-11-26,1,wk inc hosp,2022-12-03,41,quantile,0.05,50
2022-11-26,1,wk inc hosp,2022-12-03,41,quantile,0.1,55
2022-11-26,1,wk inc hosp,2022-12-03,41,quantile,0.15,58
2022-11-26,1,wk inc hosp,2022-12-03,41,quantile,0.2,59.9709837098371
2022-11-26,1,wk inc hosp,2022-12-03,41,quantile,0.25,60.50346503465035
2022-11-26,1,wk inc hosp,2022-12-03,41,quantile,0.3,61.65653856538565
2022-11-26,1,wk inc hosp,2022-12-03,41,quantile,0.35,62
2022-11-26,1,wk inc hosp,2022-12-03,41,quantile,0.4,63
2022-11-26,1,wk inc hosp,2022-12-03,41,quantile,0.45,64
2022-11-26,1,wk inc hosp,2022-12-03,41,quantile,0.5,64
2022-11-26,1,wk inc hosp,2022-12-03,41,quantile,0.55,64.10007200072
2022-11-26,1,wk inc hosp,2022-12-03,41,quantile,0.6,65
2022-11-26,1,wk inc hosp,2022-12-03,41,quantile,0.65,66
2022-11-26,1,wk inc hosp,2022-12-03,41,quantile,0.7,66.34445144451443
2022-11-26,1,wk inc hosp,2022-12-03,41,quantile,0.75,67.48269732697327
2022-11-26,1,wk inc hosp,2022-12-03,41,quantile,0.8,68.01827018270184
2022-11-26,1,wk inc hosp,2022-12-03,41,quantile,0.85,70
2022-11-26,1,wk inc hosp,2022-12-03,41,quantile,0.9,73
2022-11-26,1,wk inc hosp,2022-12-03,41,quantile,0.95,78
2022-11-26,1,wk inc hosp,2022-12-03,41,quantile,0.975,88.62056295562951
2022-11-26,1,wk inc hosp,2022-12-03,41,quantile,0.99,94.41750787507867
2022-11-26,1,wk inc hosp,2022-12-03,47,quantile,0.01,2
2022-11-26,1,wk inc hosp,2022-12-03,47,quantile,0.025,5.753102781027812
2022-11-26,1,wk inc hosp,2022-12-03,47,quantile,0.05,8.332688326883268
2022-11-26,1,wk inc hosp,2022-12-03,47,quantile,0.1,10.835244352443526
2022-11-26,1,wk inc hosp,2022-12-03,47,quantile,0.15,12
2022-11-26,1,wk inc hosp,2022-12-03,47,quantile,0.2,13.4070020700207
2022-11-26,1,wk inc hosp,2022-12-03,47,quantile,0.25,14
2022-11-26,1,wk inc hosp,2022-12-03,47,quantile,0.3,15.490009900098997
2022-11-26,1,wk inc hosp,2022-12-03,47,quantile,0.35,16
2022-11-26,1,wk inc hosp,2022-12-03,47,quantile,0.4,16.022140221402214
2022-11-26,1,wk inc hosp,2022-12-03,47,quantile,0.45,18
2022-11-26,1,wk inc hosp,2022-12-03,47,quantile,0.5,18
2022-11-26,1,wk inc hosp,2022-12-03,47,quantile,0.55,18
2022-11-26,1,wk inc hosp,2022-12-03,47,quantile,0.6,20
2022-11-26,1,wk inc hosp,2022-12-03,47,quantile,0.65,20
2022-11-26,1,wk inc hosp,2022-12-03,47,quantile,0.7,20.49129691296912
2022-11-26,1,wk inc hosp,2022-12-03,47,quantile,0.75,22
2022-11-26,1,wk inc hosp,2022-12-03,47,quantile,0.8,22.547763477634795
2022-11-26,1,wk inc hosp,2022-12-03,47,quantile,0.85,24
2022-11-26,1,wk inc hosp,2022-12-03,47,quantile,0.9,25.174250742507436
2022-11-26,1,wk inc hosp,2022-12-03,47,quantile,0.95,27.600850508505097
2022-11-26,1,wk inc hosp,2022-12-03,47,quantile,0.975,30.35283952839526
2022-11-26,1,wk inc hosp,2022-12-03,47,quantile,0.99,34
2022-11-26,1,wk inc hosp,2022-12-03,49,quantile,0.01,58.81568805688056
2022-11-26,1,wk inc hosp,2022-12-03,49,quantile,0.025,61.54969174691747
2022-11-26,1,wk inc hosp,2022-12-03,49,quantile,0.05,65.12771127711277
2022-11-26,1,wk inc hosp,2022-12-03,49,quantile,0.1,73.22395823958242
2022-11-26,1,wk inc hosp,2022-12-03,49,quantile,0.15,77.08252632526325
2022-11-26,1,wk inc hosp,2022-12-03,49,quantile,0.2,79
2022-11-26,1,wk inc hosp,2022-12-03,49,quantile,0.25,80
2022-11-26,1,wk inc hosp,2022-12-03,49,quantile,0.3,81
2022-11-26,1,wk inc hosp,2022-12-03,49,quantile,0.35,82
2022-11-26,1,wk inc hosp,2022-12-03,49,quantile,0.4,83
2022-11-26,1,wk inc hosp,2022-12-03,49,quantile,0.45,83.18239132391324
2022-11-26,1,wk inc hosp,2022-12-03,49,quantile,0.5,84
2022-11-26,1,wk inc hosp,2022-12-03,49,quantile,0.55,84.80204302043022
2022-11-26,1,wk inc hosp,2022-12-03,49,quantile,0.6,85
2022-11-26,1,wk inc hosp,2022-12-03,49,quantile,0.65,86
2022-11-26,1,wk inc hosp,2022-12-03,49,quantile,0.7,87
2022-11-26,1,wk inc hosp,2022-12-03,49,quantile,0.75,88
2022-11-26,1,wk inc hosp,2022-12-03,49,quantile,0.8,89
2022-11-26,1,wk inc hosp,2022-12-03,49,quantile,0.85,90.96600666006661
2022-11-26,1,wk inc hosp,2022-12-03,49,quantile,0.9,94.72425524255242
2022-11-26,1,wk inc hosp,2022-12-03,49,quantile,0.95,103
2022-11-26,1,wk inc hosp,2022-12-03,49,quantile,0.975,106.3842498424984
2022-11-26,1,wk inc hosp,2022-12-03,49,quantile,0.99,109.03209702097023
2022-11-26,2,wk inc hosp,2022-12-10,06,quantile,0.01,50.63274772747727
2022-11-26,2,wk inc hosp,2022-12-10,06,quantile,0.025,62
2022-11-26,2,wk inc hosp,2022-12-10,06,quantile,0.05,69.61611016110162
2022-11-26,2,wk inc hosp,2022-12-10,06,quantile,0.1,76
2022-11-26,2,wk inc hosp,2022-12-10,06,quantile,0.15,80
2022-11-26,2,wk inc hosp,2022-12-10,06,quantile,0.2,83
2022-11-26,2,wk inc hosp,2022-12-10,06,quantile,0.25,85.95508955089551
2022-11-26,2,wk inc hosp,2022-12-10,06,quantile,0.3,87
2022-11-26,2,wk inc hosp,2022-12-10,06,quantile,0.35,90
2022-11-26,2,wk inc hosp,2022-12-10,06,quantile,0.4,91
2022-11-26,2,wk inc hosp,2022-12-10,06,quantile,0.45,93
2022-11-26,2,wk inc hosp,2022-12-10,06,quantile,0.5,94
2022-11-26,2,wk inc hosp,2022-12-10,06,quantile,0.55,95
2022-11-26,2,wk inc hosp,2022-12-10,06,quantile,0.6,97
2022-11-26,2,wk inc hosp,2022-12-10,06,quantile,0.65,98
2022-11-26,2,wk inc hosp,2022-12-10,06,quantile,0.7,100.85496354963553
2022-11-26,2,wk inc hosp,2022-12-10,06,quantile,0.75,102
2022-11-26,2,wk inc hosp,2022-12-10,06,quantile,0.8,105
2022-11-26,2,wk inc hosp,2022-12-10,06,quantile,0.85,108
2022-11-26,2,wk inc hosp,2022-12-10,06,quantile,0.9,112
2022-11-26,2,wk inc hosp,2022-12-10,06,quantile,0.95,118.61293312933128
2022-11-26,2,wk inc hosp,2022-12-10,06,quantile,0.975,126.39583970839703
2022-11-26,2,wk inc hosp,2022-12-10,06,quantile,0.99,136.97585365853652
2022-11-26,2,wk inc hosp,2022-12-10,08,quantile,0.01,177.86075240752407
2022-11-26,2,wk inc hosp,2022-12-10,08,quantile,0.025,209.2346998469985
2022-11-26,2,wk inc hosp,2022-12-10,08,quantile,0.05,232.28769687696877
2022-11-26,2,wk inc hosp,2022-12-10,08,quantile,0.1,252.360300603006
2022-11-26,2,wk inc hosp,2022-12-10,08,quantile,0.15,264.38662136621366
2022-11-26,2,wk inc hosp,2022-12-10,08,quantile,0.2,271.03538835388355
2022-11-26,2,wk inc hosp,2022-12-10,08,quantile,0.25,276
2022-11-26,2,wk inc hosp,2022-12-10,08,quantile,0.3,279.81718117181174
2022-11-26,2,wk inc hosp,2022-12-10,08,quantile,0.35,282.99023040230406
2022-11-26,2,wk inc hosp,2022-12-10,08,quantile,0.4,285
2022-11-26,2,wk inc hosp,2022-12-10,08,quantile,0.45,287.4730447304473
2022-11-26,2,wk inc hosp,2022-12-10,08,quantile,0.5,290
2022-11-26,2,wk inc hosp,2022-12-10,08,quantile,0.55,292.5711772117721
2022-11-26,2,wk inc hosp,2022-12-10,08,quantile,0.6,294.87536675366755
2022-11-26,2,wk inc hosp,2022-12-10,08,quantile,0.65,296.92953829538294
2022-11-26,2,wk inc hosp,2022-12-10,08,quantile,0.7,300.06435064350643
2022-11-26,2,wk inc hosp,2022-12-10,08,quantile,0.75,304
2022-11-26,2,wk inc hosp,2022-12-10,08,quantile,0.8,309
2022-11-26,2,wk inc hosp,2022-12-10,08,quantile,0.85,315.7253487534876
2022-11-26,2,wk inc hosp,2022-12-10,08,quantile,0.9,327.4676716767168
2022-11-26,2,wk inc hosp,2022-12-10,08,quantile,0.95,347.85094500944996
2022-11-26,2,wk inc hosp,2022-12-10,08,quantile,0.975,371.77703852038513
2022-11-26,2,wk inc hosp,2022-12-10,08,quantile,0.99,401.6818396183965
2022-11-26,2,wk inc hosp,2022-12-10,09,quantile,0.01,9
2022-11-26,2,wk inc hosp,2022-12-10,09,quantile,0.025,12.168798937989386
2022-11-26,2,wk inc hosp,2022-12-10,09,quantile,0.05,16.40128701287013
2022-11-26,2,wk inc hosp,2022-12-10,09,quantile,0.1,21
2022-11-26,2,wk inc hosp,2022-12-10,09,quantile,0.15,23.200247502475026
2022-11-26,2,wk inc hosp,2022-12-10,09,quantile,0.2,25
2022-11-26,2,wk inc hosp,2022-12-10,09,quantile,0.25,26
2022-11-26,2,wk inc hosp,2022-12-10,09,quantile,0.3,27
2022-11-26,2,wk inc hosp,2022-12-10,09,quantile,0.35,28
2022-11-26,2,wk inc hosp,2022-12-10,09,quantile,0.4,28.67432274322743
2022-11-26,2,wk inc hosp,2022-12-10,09,quantile,0.45,29
2022-11-26,2,wk inc hosp,2022-12-10,09,quantile,0.5,30
2022-11-26,2,wk inc hosp,2022-12-10,09,quantile,0.55,31
2022-11-26,2,wk inc hosp,2022-12-10,09,quantile,0.6,31.345963459634593
2022-11-26,2,wk inc hosp,2022-12-10,09,quantile,0.65,32
2022-11-26,2,wk inc hosp,2022-12-10,09,quantile,0.7,33
2022-11-26,2,wk inc hosp,2022-12-10,09,quantile,0.75,34
2022-11-26,2,wk inc hosp,2022-12-10,09,quantile,0.8,35
2022-11-26,2,wk inc hosp,2022-12-10,09,quantile,0.85,36.745274952749526
2022-11-26,2,wk inc hosp,2022-12-10,09,quantile,0.9,39
2022-11-26,2,wk inc hosp,2022-12-10,09,quantile,0.95,43.56678966789664
2022-11-26,2,wk inc hosp,2022-12-10,09,quantile,0.975,47.48550535505353
2022-11-26,2,wk inc hosp,2022-12-10,09,quantile,0.99,51
2022-11-26,2,wk inc hosp,2022-12-10,13,quantile,0.01,0
2022-11-26,2,wk inc hosp,2022-12-10,13,quantile,0.025,0
2022-11-26,2,wk inc hosp,2022-12-10,13,quantile,0.05,5.212982629826305
2022-11-26,2,wk inc hosp,2022-12-10,13,quantile,0.1,13
2022-11-26,2,wk inc hosp,2022-12-10,13,quantile,0.15,17
2022-11-26,2,wk inc hosp,2022-12-10,13,quantile,0.2,21
2022-11-26,2,wk inc hosp,2022-12-10,13,quantile,0.25,22.88023130231302
2022-11-26,2,wk inc hosp,2022-12-10,13,quantile,0.3,25.83956439564395
2022-11-26,2,wk inc hosp,2022-12-10,13,quantile,0.35,28.283016830168293
2022-11-26,2,wk inc hosp,2022-12-10,13,quantile,0.4,30
2022-11-26,2,wk inc hosp,2022-12-10,13,quantile,0.45,32.38933039330392
2022-11-26,2,wk inc hosp,2022-12-10,13,quantile,0.5,34
2022-11-26,2,wk inc hosp,2022-12-10,13,quantile,0.55,35.60345603456035
2022-11-26,2,wk inc hosp,2022-12-10,13,quantile,0.6,38
2022-11-26,2,wk inc hosp,2022-12-10,13,quantile,0.65,39.56710017100172
2022-11-26,2,wk inc hosp,2022-12-10,13,quantile,0.7,42.16202862028622
2022-11-26,2,wk inc hosp,2022-12-10,13,quantile,0.75,45.236229862298615
2022-11-26,2,wk inc hosp,2022-12-10,13,quantile,0.8,47
2022-11-26,2,wk inc hosp,2022-12-10,13,quantile,0.85,51
2022-11-26,2,wk inc hosp,2022-12-10,13,quantile,0.9,55
2022-11-26,2,wk inc hosp,2022-12-10,13,quantile,0.95,62.834366843668434
2022-11-26,2,wk inc hosp,2022-12-10,13,quantile,0.975,68.1446899468994
2022-11-26,2,wk inc hosp,2022-12-10,13,quantile,0.99,76
2022-11-26,2,wk inc hosp,2022-12-10,24,quantile,0.01,62.64872648726487
2022-11-26,2,wk inc hosp,2022-12-10,24,quantile,0.025,77.13327333273332
2022-11-26,2,wk inc hosp,2022-12-10,24,quantile,0.05,92.00765007650077
2022-11-26,2,wk inc hosp,2022-12-10,24,quantile,0.1,101.77571775717757
2022-11-26,2,wk inc hosp,2022-12-10,24,quantile,0.15,107
2022-11-26,2,wk inc hosp,2022-12-10,24,quantile,0.2,110
2022-11-26,2,wk inc hosp,2022-12-10,24,quantile,0.25,111.14778147781479
2022-11-26,2,wk inc hosp,2022-12-10,24,quantile,0.3,113
2022-11-26,2,wk inc hosp,2022-12-10,24,quantile,0.35,113
2022-11-26,2,wk inc hosp,2022-12-10,24,quantile,0.4,114.23274232742327
2022-11-26,2,wk inc hosp,2022-12-10,24,quantile,0.45,116
2022-11-26,2,wk inc hosp,2022-12-10,24,quantile,0.5,116
2022-11-26,2,wk inc hosp,2022-12-10,24,quantile,0.55,116
2022-11-26,2,wk inc hosp,2022-12-10,24,quantile,0.6,117.63591035910358
2022-11-26,2,wk inc hosp,2022-12-10,24,quantile,0.65,119
2022-11-26,2,wk inc hosp,2022-12-10,24,quantile,0.7,119
2022-11-26,2,wk inc hosp,2022-12-10,24,quantile,0.75,120.6051210512105
2022-11-26,2,wk inc hosp,2022-12-10,24,quantile,0.8,122
2022-11-26,2,wk inc hosp,2022-12-10,24,quantile,0.85,125
2022-11-26,2,wk inc hosp,2022-12-10,24,quantile,0.9,130.2864278642786
2022-11-26,2,wk inc hosp,2022-12-10,24,quantile,0.95,140.39330393303936
2022-11-26,2,wk inc hosp,2022-12-10,24,quantile,0.975,154.95839483394815
2022-11-26,2,wk inc hosp,2022-12-10,24,quantile,0.99,169.53293492934947
2022-11-26,2,wk inc hosp,2022-12-10,26,quantile,0.01,61.36810008100082
2022-11-26,2,wk inc hosp,2022-12-10,26,quantile,0.025,67.28062280622807
2022-11-26,2,wk inc hosp,2022-12-10,26,quantile,0.05,75.19584195841958
2022-11-26,2,wk inc hosp,2022-12-10,26,quantile,0.1,87.08664386643866
2022-11-26,2,wk inc hosp,2022-12-10,26,quantile,0.15,92.65409954099542
2022-11-26,2,wk inc hosp,2022-12-10,26,quantile,0.2,95.22547025470256
2022-11-26,2,wk inc hosp,2022-12-10,26,quantile,0.25,97
2022-11-26,2,wk inc hosp,2022-12-10,26,quantile,0.3,98
2022-11-26,2,wk inc hosp,2022-12-10,26,quantile,0.35,99.47457474574746
2022-11-26,2,wk inc hosp,2022-12-10,26,quantile,0.4,100
2022-11-26,2,wk inc hosp,2022-12-10,26,quantile,0.45,101
2022-11-26,2,wk inc hosp,2022-12-10,26,quantile,0.5,102
2022-11-26,2,wk inc hosp,2022-12-10,26,quantile,0.55,102.94778147781477
2022-11-26,2,wk inc hosp,2022-12-10,26,quantile,0.6,104
2022-11-26,2,wk inc hosp,2022-12-10,26,quantile,0.65,104.48325983259835
2022-11-26,2,wk inc hosp,2022-12-10,26,quantile,0.7,106
2022-11-26,2,wk inc hosp,2022-12-10,26,quantile,0.75,107
2022-11-26,2,wk inc hosp,2022-12-10,26,quantile,0.8,108.80457204572046
2022-11-26,2,wk inc hosp,2022-12-10,26,quantile,0.85,111.45198901989019
2022-11-26,2,wk inc hosp,2022-12-10,26,quantile,0.9,117
2022-11-26,2,wk inc hosp,2022-12-10,26,quantile,0.95,128.75885608856075
2022-11-26,2,wk inc hosp,2022-12-10,26,quantile,0.975,136.89266042660424
2022-11-26,2,wk inc hosp,2022-12-10,26,quantile,0.99,142.61999369993694
2022-11-26,2,wk inc hosp,2022-12-10,27,quantile,0.01,98.16793537935379
2022-11-26,2,wk inc hosp,2022-12-10,27,quantile,0.025,108.37237422374221
2022-11-26,2,wk inc hosp,2022-12-10,27,quantile,0.05,119.73590135901358
2022-11-26,2,wk inc hosp,2022-12-10,27,quantile,0.1,131.86407164071642
2022-11-26,2,wk inc hosp,2022-12-10,27,quantile,0.15,137.3960534605346
2022-11-26,2,wk inc hosp,2022-12-10,27,quantile,0.2,141
2022-11-26,2,wk inc hosp,2022-12-10,27,quantile,0.25,144
2022-11-26,2,wk inc hosp,2022-12-10,27,quantile,0.3,146
2022-11-26,2,wk inc hosp,2022-12-10,27,quantile,0.35,148
2022-11-26,2,wk inc hosp,2022-12-10,27,quantile,0.4,150.17933579335795
2022-11-26,2,wk inc hosp,2022-12-10,27,quantile,0.45,152
2022-11-26,2,wk inc hosp,2022-12-10,27,quantile,0.5,154
2022-11-26,2,wk inc hosp,2022-12-10,27,quantile,0.55,156
2022-11-26,2,wk inc hosp,2022-12-10,27,quantile,0.6,157.79659796597963
2022-11-26,2,wk inc hosp,2022-12-10,27,quantile,0.65,160
2022-11-26,2,wk inc hosp,2022-12-10,27,quantile,0.7,162
2022-11-26,2,wk inc hosp,2022-12-10,27,quantile,0.75,164
2022-11-26,2,wk inc hosp,2022-12-10,27,quantile,0.8,167
2022-11-26,2,wk inc hosp,2022-12-10,27,quantile,0.85,170.63864638646385
2022-11-26,2,wk inc hosp,2022-12-10,27,quantile,0.9,176.1142381423814
2022-11-26,2,wk inc hosp,2022-12-10,27,quantile,0.95,188.2069705697056
2022-11-26,2,wk inc hosp,2022-12-10,27,quantile,0.975,199.6934591845919
2022-11-26,2,wk inc hosp,2022-12-10,27,quantile,0.99,209.970947709477
2022-11-26,2,wk inc hosp,2022-12-10,35,quantile,0.01,77.97995319953199
2022-11-26,2,wk inc hosp,2022-12-10,35,quantile,0.025,84.5288655386554
2022-11-26,2,wk inc hosp,2022-12-10,35,quantile,0.05,92.13077130771308
2022-11-26,2,wk inc hosp,2022-12-10,35,quantile,0.1,98.7440374403744
2022-11-26,2,wk inc hosp,2022-12-10,35,quantile,0.15,101.62124921249212
2022-11-26,2,wk inc hosp,2022-12-10,35,quantile,0.2,103.8531185311853
2022-11-26,2,wk inc hosp,2022-12-10,35,quantile,0.25,105.40450904509044
2022-11-26,2,wk inc hosp,2022-12-10,35,quantile,0.3,107
2022-11-26,2,wk inc hosp,2022-12-10,35,quantile,0.35,108
2022-11-26,2,wk inc hosp,2022-12-10,35,quantile,0.4,109
2022-11-26,2,wk inc hosp,2022-12-10,35,quantile,0.45,110
2022-11-26,2,wk inc hosp,2022-12-10,35,quantile,0.5,111
2022-11-26,2,wk inc hosp,2022-12-10,35,quantile,0.55,112
2022-11-26,2,wk inc hosp,2022-12-10,35,quantile,0.6,113
2022-11-26,2,wk inc hosp,2022-12-10,35,quantile,0.65,114
2022-11-26,2,wk inc hosp,2022-12-10,35,quantile,0.7,115
2022-11-26,2,wk inc hosp,2022-12-10,35,quantile,0.75,116.60651606516065
2022-11-26,2,wk inc hosp,2022-12-10,35,quantile,0.8,118.13890738907388
2022-11-26,2,wk inc hosp,2022-12-10,35,quantile,0.85,120.4341778417784
2022-11-26,2,wk inc hosp,2022-12-10,35,quantile,0.9,123.22849428494285
2022-11-26,2,wk inc hosp,2022-12-10,35,quantile,0.95,129.81775267752678
2022-11-26,2,wk inc hosp,2022-12-10,35,quantile,0.975,137.43742012420122
2022-11-26,2,wk inc hosp,2022-12-10,35,quantile,0.99,144.01381243812432
2022-11-26,2,wk inc hosp,2022-12-10,36,quantile,0.01,76.39886598865988
2022-11-26,2,wk inc hosp,2022-12-10,36,quantile,0.025,81.87921654216541
2022-11-26,2,wk inc hosp,2022-12-10,36,quantile,0.05,87.37376473764739
2022-11-26,2,wk inc hosp,2022-12-10,36,quantile,0.1,102.63256232562325
2022-11-26,2,wk inc hosp,2022-12-10,36,quantile,0.15,109
2022-11-26,2,wk inc hosp,2022-12-10,36,quantile,0.2,112
2022-11-26,2,wk inc hosp,2022-12-10,36,quantile,0.25,114
2022-11-26,2,wk inc hosp,2022-12-10,36,quantile,0.3,115.47025470254702
2022-11-26,2,wk inc hosp,2022-12-10,36,quantile,0.35,117
2022-11-26,2,wk inc hosp,2022-12-10,36,quantile,0.4,118
2022-11-26,2,wk inc hosp,2022-12-10,36,quantile,0.45,119
2022-11-26,2,wk inc hosp,2022-12-10,36,quantile,0.5,120
2022-11-26,2,wk inc hosp,2022-12-10,36,quantile,0.55,121
2022-11-26,2,wk inc hosp,2022-12-10,36,quantile,0.6,122
2022-11-26,2,wk inc hosp,2022-12-10,36,quantile,0.65,123
2022-11-26,2,wk inc hosp,2022-12-10,36,quantile,0.7,124.51467914679147
2022-11-26,2,wk inc hosp,2022-12-10,36,quantile,0.75,126
2022-11-26,2,wk inc hosp,2022-12-10,36,quantile,0.8,128
2022-11-26,2,wk inc hosp,2022-12-10,36,quantile,0.85,130.8841868418684
2022-11-26,2,wk inc hosp,2022-12-10,36,quantile,0.9,137.4809378093781
2022-11-26,2,wk inc hosp,2022-12-10,36,quantile,0.95,152.71569165691648
2022-11-26,2,wk inc hosp,2022-12-10,36,quantile,0.975,158.4159099090991
2022-11-26,2,wk inc hosp,2022-12-10,36,quantile,0.99,163.6036432364324
2022-11-26,2,wk inc hosp,2022-12-10,41,quantile,0.01,31.11483664836648
2022-11-26,2,wk inc hosp,2022-12-10,41,quantile,0.025,36.03746962469624
2022-11-26,2,wk inc hosp,2022-12-10,41,quantile,0.05,44.48321483214832
2022-11-26,2,wk inc hosp,2022-12-10,41,quantile,0.1,52.077040770407706
2022-11-26,2,wk inc hosp,2022-12-10,41,quantile,0.15,55.53487084870848
2022-11-26,2,wk inc hosp,2022-12-10,41,quantile,0.2,58
2022-11-26,2,wk inc hosp,2022-12-10,41,quantile,0.25,59.03138781387814
2022-11-26,2,wk inc hosp,2022-12-10,41,quantile,0.3,60.188245882458816
2022-11-26,2,wk inc hosp,2022-12-10,41,quantile,0.35,61.52397623976239
2022-11-26,2,wk inc hosp,2022-12-10,41,quantile,0.4,62
2022-11-26,2,wk inc hosp,2022-12-10,41,quantile,0.45,63
2022-11-26,2,wk inc hosp,2022-12-10,41,quantile,0.5,64
2022-11-26,2,wk inc hosp,2022-12-10,41,quantile,0.55,65
2022-11-26,2,wk inc hosp,2022-12-10,41,quantile,0.6,66
2022-11-26,2,wk inc hosp,2022-12-10,41,quantile,0.65,66.459913599136
2022-11-26,2,wk inc hosp,2022-12-10,41,quantile,0.7,67.82316623166233
2022-11-26,2,wk inc hosp,2022-12-10,41,quantile,0.75,69
2022-11-26,2,wk inc hosp,2022-12-10,41,quantile,0.8,70
2022-11-26,2,wk inc hosp,2022-12-10,41,quantile,0.85,72.50004500045
2022-11-26,2,wk inc hosp,2022-12-10,41,quantile,0.9,75.94507245072451
2022-11-26,2,wk inc hosp,2022-12-10,41,quantile,0.95,83.48772837728374
2022-11-26,2,wk inc hosp,2022-12-10,41,quantile,0.975,92.0510080100802
2022-11-26,2,wk inc hosp,2022-12-10,41,quantile,0.99,96.9011088110881
2022-11-26,2,wk inc hosp,2022-12-10,47,quantile,0.01,0
2022-11-26,2,wk inc hosp,2022-12-10,47,quantile,0.025,2.88678336783368
2022-11-26,2,wk inc hosp,2022-12-10,47,quantile,0.05,5.81990819908199
2022-11-26,2,wk inc hosp,2022-12-10,47,quantile,0.1,9
2022-11-26,2,wk inc hosp,2022-12-10,47,quantile,0.15,10.92538925389254
2022-11-26,2,wk inc hosp,2022-12-10,47,quantile,0.2,12
2022-11-26,2,wk inc hosp,2022-12-10,47,quantile,0.25,13.367653676536765
2022-11-26,2,wk inc hosp,2022-12-10,47,quantile,0.3,14
2022-11-26,2,wk inc hosp,2022-12-10,47,quantile,0.35,15.607353073530732
2022-11-26,2,wk inc hosp,2022-12-10,47,quantile,0.4,16
2022-11-26,2,wk inc hosp,2022-12-10,47,quantile,0.45,17.16350013500135
2022-11-26,2,wk inc hosp,2022-12-10,47,quantile,0.5,18
2022-11-26,2,wk inc hosp,2022-12-10,47,quantile,0.55,18.82637926379265
2022-11-26,2,wk inc hosp,2022-12-10,47,quantile,0.6,20
2022-11-26,2,wk inc hosp,2022-12-10,47,quantile,0.65,20.348492484924858
2022-11-26,2,wk inc hosp,2022-12-10,47,quantile,0.7,22
2022-11-26,2,wk inc hosp,2022-12-10,47,quantile,0.75,22.69473944739447
2022-11-26,2,wk inc hosp,2022-12-10,47,quantile,0.8,24
2022-11-26,2,wk inc hosp,2022-12-10,47,quantile,0.85,25.18945189451894
2022-11-26,2,wk inc hosp,2022-12-10,47,quantile,0.9,27
2022-11-26,2,wk inc hosp,2022-12-10,47,quantile,0.95,30.193002430024293
2022-11-26,2,wk inc hosp,2022-12-10,47,quantile,0.975,33.05383628836289
2022-11-26,2,wk inc hosp,2022-12-10,47,quantile,0.99,37.12997749977498
2022-11-26,2,wk inc hosp,2022-12-10,49,quantile,0.01,54.36581045810458
2022-11-26,2,wk inc hosp,2022-12-10,49,quantile,0.025,59.057281072810724
2022-11-26,2,wk inc hosp,2022-12-10,49,quantile,0.05,62.7818693186932
2022-11-26,2,wk inc hosp,2022-12-10,49,quantile,0.1,69.10263702637027
2022-11-26,2,wk inc hosp,2022-12-10,49,quantile,0.15,74
2022-11-26,2,wk inc hosp,2022-12-10,49,quantile,0.2,77
2022-11-26,2,wk inc hosp,2022-12-10,49,quantile,0.25,78.94386193861938
2022-11-26,2,wk inc hosp,2022-12-10,49,quantile,0.3,80
2022-11-26,2,wk inc hosp,2022-12-10,49,quantile,0.35,81
2022-11-26,2,wk inc hosp,2022-12-10,49,quantile,0.4,82
2022-11-26,2,wk inc hosp,2022-12-10,49,quantile,0.45,83
2022-11-26,2,wk inc hosp,2022-12-10,49,quantile,0.5,84
2022-11-26,2,wk inc hosp,2022-12-10,49,quantile,0.55,85
2022-11-26,2,wk inc hosp,2022-12-10,49,quantile,0.6,86
2022-11-26,2,wk inc hosp,2022-12-10,49,quantile,0.65,87
2022-11-26,2,wk inc hosp,2022-12-10,49,quantile,0.7,88
2022-11-26,2,wk inc hosp,2022-12-10,49,quantile,0.75,89.1240437404374
2022-11-26,2,wk inc hosp,2022-12-10,49,quantile,0.8,91.02548825488255
2022-11-26,2,wk inc hosp,2022-12-10,49,quantile,0.85,94
2022-11-26,2,wk inc hosp,2022-12-10,49,quantile,0.9,98.78628386283866
2022-11-26,2,wk inc hosp,2022-12-10,49,quantile,0.95,105.23247682476824
2022-11-26,2,wk inc hosp,2022-12-10,49,quantile,0.975,108.79113716137157
2022-11-26,2,wk inc hosp,2022-12-10,49,quantile,0.99,113.3541814418144
2022-11-26,3,wk inc hosp,2022-12-17,06,quantile,0.01,46.027206372063716
2022-11-26,3,wk inc hosp,2022-12-17,06,quantile,0.025,56.94217442174423
2022-11-26,3,wk inc hosp,2022-12-17,06,quantile,0.05,65.14770497704977
2022-11-26,3,wk inc hosp,2022-12-17,06,quantile,0.1,73
2022-11-26,3,wk inc hosp,2022-12-17,06,quantile,0.15,77
2022-11-26,3,wk inc hosp,2022-12-17,06,quantile,0.2,80.4049500495005
2022-11-26,3,wk inc hosp,2022-12-17,06,quantile,0.25,83.60127351273513
2022-11-26,3,wk inc hosp,2022-12-17,06,quantile,0.3,86.09840698406984
2022-11-26,3,wk inc hosp,2022-12-17,06,quantile,0.35,88
2022-11-26,3,wk inc hosp,2022-12-17,06,quantile,0.4,90.02691026910271
2022-11-26,3,wk inc hosp,2022-12-17,06,quantile,0.45,92
2022-11-26,3,wk inc hosp,2022-12-17,06,quantile,0.5,94
2022-11-26,3,wk inc hosp,2022-12-17,06,quantile,0.55,96
2022-11-26,3,wk inc hosp,2022-12-17,06,quantile,0.6,97.89531095310954
2022-11-26,3,wk inc hosp,2022-12-17,06,quantile,0.65,100
2022-11-26,3,wk inc hosp,2022-12-17,06,quantile,0.7,101.81041310413102
2022-11-26,3,wk inc hosp,2022-12-17,06,quantile,0.75,104.22362973629737
2022-11-26,3,wk inc hosp,2022-12-17,06,quantile,0.8,107.42212222122222
2022-11-26,3,wk inc hosp,2022-12-17,06,quantile,0.85,111
2022-11-26,3,wk inc hosp,2022-12-17,06,quantile,0.9,115
2022-11-26,3,wk inc hosp,2022-12-17,06,quantile,0.95,123
2022-11-26,3,wk inc hosp,2022-12-17,06,quantile,0.975,131.43110656106563
2022-11-26,3,wk inc hosp,2022-12-17,06,quantile,0.99,142.27582305823046
2022-11-26,3,wk inc hosp,2022-12-17,08,quantile,0.01,169.2619656196562
2022-11-26,3,wk inc hosp,2022-12-17,08,quantile,0.025,196.65618756187564
2022-11-26,3,wk inc hosp,2022-12-17,08,quantile,0.05,222.52103321033212
2022-11-26,3,wk inc hosp,2022-12-17,08,quantile,0.1,244.61157411574118
2022-11-26,3,wk inc hosp,2022-12-17,08,quantile,0.15,257.4883493834938
2022-11-26,3,wk inc hosp,2022-12-17,08,quantile,0.2,266.1332553325533
2022-11-26,3,wk inc hosp,2022-12-17,08,quantile,0.25,272.0512105121051
2022-11-26,3,wk inc hosp,2022-12-17,08,quantile,0.3,276.69788497884974
2022-11-26,3,wk inc hosp,2022-12-17,08,quantile,0.35,280.9839438394384
2022-11-26,3,wk inc hosp,2022-12-17,08,quantile,0.4,284
2022-11-26,3,wk inc hosp,2022-12-17,08,quantile,0.45,287
2022-11-26,3,wk inc hosp,2022-12-17,08,quantile,0.5,290
2022-11-26,3,wk inc hosp,2022-12-17,08,quantile,0.55,293
2022-11-26,3,wk inc hosp,2022-12-17,08,quantile,0.6,296
2022-11-26,3,wk inc hosp,2022-12-17,08,quantile,0.65,299.0022500225002
2022-11-26,3,wk inc hosp,2022-12-17,08,quantile,0.7,303.3526955269553
2022-11-26,3,wk inc hosp,2022-12-17,08,quantile,0.75,308
2022-11-26,3,wk inc hosp,2022-12-17,08,quantile,0.8,313.8452164521645
2022-11-26,3,wk inc hosp,2022-12-17,08,quantile,0.85,322.4254792547926
2022-11-26,3,wk inc hosp,2022-12-17,08,quantile,0.9,335.3270992709928
2022-11-26,3,wk inc hosp,2022-12-17,08,quantile,0.95,357.74541445414417
2022-11-26,3,wk inc hosp,2022-12-17,08,quantile,0.975,383.4833340833413
2022-11-26,3,wk inc hosp,2022-12-17,08,quantile,0.99,410.657666276663
2022-11-26,3,wk inc hosp,2022-12-17,09,quantile,0.01,6.078715687156868
2022-11-26,3,wk inc hosp,2022-12-17,09,quantile,0.025,10.569847448474485
2022-11-26,3,wk inc hosp,2022-12-17,09,quantile,0.05,14.470740707407074
2022-11-26,3,wk inc hosp,2022-12-17,09,quantile,0.1,19.11637116371164
2022-11-26,3,wk inc hosp,2022-12-17,09,quantile,0.15,22
2022-11-26,3,wk inc hosp,2022-12-17,09,quantile,0.2,23.801440014400146
2022-11-26,3,wk inc hosp,2022-12-17,09,quantile,0.25,25
2022-11-26,3,wk inc hosp,2022-12-17,09,quantile,0.3,26
2022-11-26,3,wk inc hosp,2022-12-17,09,quantile,0.35,27.011295112951117
2022-11-26,3,wk inc hosp,2022-12-17,09,quantile,0.4,28
2022-11-26,3,wk inc hosp,2022-12-17,09,quantile,0.45,29
2022-11-26,3,wk inc hosp,2022-12-17,09,quantile,0.5,30
2022-11-26,3,wk inc hosp,2022-12-17,09,quantile,0.55,31
2022-11-26,3,wk inc hosp,2022-12-17,09,quantile,0.6,32
2022-11-26,3,wk inc hosp,2022-12-17,09,quantile,0.65,33
2022-11-26,3,wk inc hosp,2022-12-17,09,quantile,0.7,34
2022-11-26,3,wk inc hosp,2022-12-17,09,quantile,0.75,35
2022-11-26,3,wk inc hosp,2022-12-17,09,quantile,0.8,36.23718837188374
2022-11-26,3,wk inc hosp,2022-12-17,09,quantile,0.85,38
2022-11-26,3,wk inc hosp,2022-12-17,09,quantile,0.9,40.88244982449825
2022-11-26,3,wk inc hosp,2022-12-17,09,quantile,0.95,45.58306633066332
2022-11-26,3,wk inc hosp,2022-12-17,09,quantile,0.975,49.309276842768384
2022-11-26,3,wk inc hosp,2022-12-17,09,quantile,0.99,53.390842408424
2022-11-26,3,wk inc hosp,2022-12-17,13,quantile,0.01,0
2022-11-26,3,wk inc hosp,2022-12-17,13,quantile,0.025,0
2022-11-26,3,wk inc hosp,2022-12-17,13,quantile,0.05,1.2123976239763306
2022-11-26,3,wk inc hosp,2022-12-17,13,quantile,0.1,9
2022-11-26,3,wk inc hosp,2022-12-17,13,quantile,0.15,13.748843488434883
2022-11-26,3,wk inc hosp,2022-12-17,13,quantile,0.2,17.76878768787688
2022-11-26,3,wk inc hosp,2022-12-17,13,quantile,0.25,21
2022-11-26,3,wk inc hosp,2022-12-17,13,quantile,0.3,24.869453694536936
2022-11-26,3,wk inc hosp,2022-12-17,13,quantile,0.35,26
2022-11-26,3,wk inc hosp,2022-12-17,13,quantile,0.4,29.47245072450725
2022-11-26,3,wk inc hosp,2022-12-17,13,quantile,0.45,31.333574835748347
2022-11-26,3,wk inc hosp,2022-12-17,13,quantile,0.5,34
2022-11-26,3,wk inc hosp,2022-12-17,13,quantile,0.55,36.76552965529656
2022-11-26,3,wk inc hosp,2022-12-17,13,quantile,0.6,38.47371073710737
2022-11-26,3,wk inc hosp,2022-12-17,13,quantile,0.65,42
2022-11-26,3,wk inc hosp,2022-12-17,13,quantile,0.7,43.2190891908919
2022-11-26,3,wk inc hosp,2022-12-17,13,quantile,0.75,47
2022-11-26,3,wk inc hosp,2022-12-17,13,quantile,0.8,50.24743047430475
2022-11-26,3,wk inc hosp,2022-12-17,13,quantile,0.85,54.154513545135444
2022-11-26,3,wk inc hosp,2022-12-17,13,quantile,0.9,59
2022-11-26,3,wk inc hosp,2022-12-17,13,quantile,0.95,67
2022-11-26,3,wk inc hosp,2022-12-17,13,quantile,0.975,73.214865898659
2022-11-26,3,wk inc hosp,2022-12-17,13,quantile,0.99,81.40653406534062
2022-11-26,3,wk inc hosp,2022-12-17,24,quantile,0.01,59.023518135181355
2022-11-26,3,wk inc hosp,2022-12-17,24,quantile,0.025,70.9368958689587
2022-11-26,3,wk inc hosp,2022-12-17,24,quantile,0.05,85.93365583655837
2022-11-26,3,wk inc hosp,2022-12-17,24,quantile,0.1,98.14773647736479
2022-11-26,3,wk inc hosp,2022-12-17,24,quantile,0.15,104.02529025290252
2022-11-26,3,wk inc hosp,2022-12-17,24,quantile,0.2,107.49972099720998
2022-11-26,3,wk inc hosp,2022-12-17,24,quantile,0.25,110
2022-11-26,3,wk inc hosp,2022-12-17,24,quantile,0.3,111.86940869408694
2022-11-26,3,wk inc hosp,2022-12-17,24,quantile,0.35,113
2022-11-26,3,wk inc hosp,2022-12-17,24,quantile,0.4,113
2022-11-26,3,wk inc hosp,2022-12-17,24,quantile,0.45,116
2022-11-26,3,wk inc hosp,2022-12-17,24,quantile,0.5,116
2022-11-26,3,wk inc hosp,2022-12-17,24,quantile,0.55,116
2022-11-26,3,wk inc hosp,2022-12-17,24,quantile,0.6,119
2022-11-26,3,wk inc hosp,2022-12-17,24,quantile,0.65,119
2022-11-26,3,wk inc hosp,2022-12-17,24,quantile,0.7,119.98948789487896
2022-11-26,3,wk inc hosp,2022-12-17,24,quantile,0.75,122
2022-11-26,3,wk inc hosp,2022-12-17,24,quantile,0.8,124.46087660876614
2022-11-26,3,wk inc hosp,2022-12-17,24,quantile,0.85,127.95167851678517
2022-11-26,3,wk inc hosp,2022-12-17,24,quantile,0.9,133.92932229322292
2022-11-26,3,wk inc hosp,2022-12-17,24,quantile,0.95,146.45260552605527
2022-11-26,3,wk inc hosp,2022-12-17,24,quantile,0.975,160.66255962559634
2022-11-26,3,wk inc hosp,2022-12-17,24,quantile,0.99,172.56061560615578
2022-11-26,3,wk inc hosp,2022-12-17,26,quantile,0.01,57.480997209972095
2022-11-26,3,wk inc hosp,2022-12-17,26,quantile,0.025,64.33371208712087
2022-11-26,3,wk inc hosp,2022-12-17,26,quantile,0.05,71.58569885698856
2022-11-26,3,wk inc hosp,2022-12-17,26,quantile,0.1,82.3450274502745
2022-11-26,3,wk inc hosp,2022-12-17,26,quantile,0.15,89.5610521105211
2022-11-26,3,wk inc hosp,2022-12-17,26,quantile,0.2,93.09126091260912
2022-11-26,3,wk inc hosp,2022-12-17,26,quantile,0.25,95.50846008460084
2022-11-26,3,wk inc hosp,2022-12-17,26,quantile,0.3,97.0651876518765
2022-11-26,3,wk inc hosp,2022-12-17,26,quantile,0.35,98.56839168391683
2022-11-26,3,wk inc hosp,2022-12-17,26,quantile,0.4,100
2022-11-26,3,wk inc hosp,2022-12-17,26,quantile,0.45,101
2022-11-26,3,wk inc hosp,2022-12-17,26,quantile,0.5,102
2022-11-26,3,wk inc hosp,2022-12-17,26,quantile,0.55,103
2022-11-26,3,wk inc hosp,2022-12-17,26,quantile,0.6,104
2022-11-26,3,wk inc hosp,2022-12-17,26,quantile,0.65,105.4278372783728
2022-11-26,3,wk inc hosp,2022-12-17,26,quantile,0.7,106.99159391593915
2022-11-26,3,wk inc hosp,2022-12-17,26,quantile,0.75,108.49981999819998
2022-11-26,3,wk inc hosp,2022-12-17,26,quantile,0.8,110.89984699846998
2022-11-26,3,wk inc hosp,2022-12-17,26,quantile,0.85,114.5220457204572
2022-11-26,3,wk inc hosp,2022-12-17,26,quantile,0.9,121.90373503735044
2022-11-26,3,wk inc hosp,2022-12-17,26,quantile,0.95,132.6470074700747
2022-11-26,3,wk inc hosp,2022-12-17,26,quantile,0.975,139.46772342723426
2022-11-26,3,wk inc hosp,2022-12-17,26,quantile,0.99,146.5083214832148
2022-11-26,3,wk inc hosp,2022-12-17,27,quantile,0.01,92.24694446944468
2022-11-26,3,wk inc hosp,2022-12-17,27,quantile,0.025,103.0790410404104
2022-11-26,3,wk inc hosp,2022-12-17,27,quantile,0.05,114.57334173341734
2022-11-26,3,wk inc hosp,2022-12-17,27,quantile,0.1,126.94336243362433
2022-11-26,3,wk inc hosp,2022-12-17,27,quantile,0.15,133.64803798037983
2022-11-26,3,wk inc hosp,2022-12-17,27,quantile,0.2,138
2022-11-26,3,wk inc hosp,2022-12-17,27,quantile,0.25,141.52252272522725
2022-11-26,3,wk inc hosp,2022-12-17,27,quantile,0.3,144.37485374853748
2022-11-26,3,wk inc hosp,2022-12-17,27,quantile,0.35,147
2022-11-26,3,wk inc hosp,2022-12-17,27,quantile,0.4,149.48949689496897
2022-11-26,3,wk inc hosp,2022-12-17,27,quantile,0.45,151.77115471154713
2022-11-26,3,wk inc hosp,2022-12-17,27,quantile,0.5,154
2022-11-26,3,wk inc hosp,2022-12-17,27,quantile,0.55,156.15646206462065
2022-11-26,3,wk inc hosp,2022-12-17,27,quantile,0.6,158.4078120781208
2022-11-26,3,wk inc hosp,2022-12-17,27,quantile,0.65,161
2022-11-26,3,wk inc hosp,2022-12-17,27,quantile,0.7,163.48373683736824
2022-11-26,3,wk inc hosp,2022-12-17,27,quantile,0.75,166.44986949869497
2022-11-26,3,wk inc hosp,2022-12-17,27,quantile,0.8,170
2022-11-26,3,wk inc hosp,2022-12-17,27,quantile,0.85,174.22938079380796
2022-11-26,3,wk inc hosp,2022-12-17,27,quantile,0.9,181.10856808568087
2022-11-26,3,wk inc hosp,2022-12-17,27,quantile,0.95,193.83183781837806
2022-11-26,3,wk inc hosp,2022-12-17,27,quantile,0.975,204.4500315003149
2022-11-26,3,wk inc hosp,2022-12-17,27,quantile,0.99,216.0306093060931
2022-11-26,3,wk inc hosp,2022-12-17,35,quantile,0.01,75.10330303303031
2022-11-26,3,wk inc hosp,2022-12-17,35,quantile,0.025,81.64201692016921
2022-11-26,3,wk inc hosp,2022-12-17,35,quantile,0.05,88.6279722797228
2022-11-26,3,wk inc hosp,2022-12-17,35,quantile,0.1,96
2022-11-26,3,wk inc hosp,2022-12-17,35,quantile,0.15,99.80269102691028
2022-11-26,3,wk inc hosp,2022-12-17,35,quantile,0.2,102.15640356403563
2022-11-26,3,wk inc hosp,2022-12-17,35,quantile,0.25,104.07872828728287
2022-11-26,3,wk inc hosp,2022-12-17,35,quantile,0.3,106
2022-11-26,3,wk inc hosp,2022-12-17,35,quantile,0.35,107.3780622806228
2022-11-26,3,wk inc hosp,2022-12-17,35,quantile,0.4,108.8850868508685
2022-11-26,3,wk inc hosp,2022-12-17,35,quantile,0.45,110
2022-11-26,3,wk inc hosp,2022-12-17,35,quantile,0.5,111
2022-11-26,3,wk inc hosp,2022-12-17,35,quantile,0.55,112
2022-11-26,3,wk inc hosp,2022-12-17,35,quantile,0.6,113.10121501215012
2022-11-26,3,wk inc hosp,2022-12-17,35,quantile,0.65,114.65073800738007
2022-11-26,3,wk inc hosp,2022-12-17,35,quantile,0.7,116
2022-11-26,3,wk inc hosp,2022-12-17,35,quantile,0.75,117.86376113761138
2022-11-26,3,wk inc hosp,2022-12-17,35,quantile,0.8,119.84039240392404
2022-11-26,3,wk inc hosp,2022-12-17,35,quantile,0.85,122.3240752407524
2022-11-26,3,wk inc hosp,2022-12-17,35,quantile,0.9,126.02666726667267
2022-11-26,3,wk inc hosp,2022-12-17,35,quantile,0.95,133.25444604446045
2022-11-26,3,wk inc hosp,2022-12-17,35,quantile,0.975,140.2706799567994
2022-11-26,3,wk inc hosp,2022-12-17,35,quantile,0.99,146.9109333093331
2022-11-26,3,wk inc hosp,2022-12-17,36,quantile,0.01,71.96188011880119
2022-11-26,3,wk inc hosp,2022-12-17,36,quantile,0.025,79.0290027900279
2022-11-26,3,wk inc hosp,2022-12-17,36,quantile,0.05,84.64284942849429
2022-11-26,3,wk inc hosp,2022-12-17,36,quantile,0.1,96.10091800918012
2022-11-26,3,wk inc hosp,2022-12-17,36,quantile,0.15,105.470065700657
2022-11-26,3,wk inc hosp,2022-12-17,36,quantile,0.2,109.67241472414725
2022-11-26,3,wk inc hosp,2022-12-17,36,quantile,0.25,112.15509405094052
2022-11-26,3,wk inc hosp,2022-12-17,36,quantile,0.3,114.12234722347223
2022-11-26,3,wk inc hosp,2022-12-17,36,quantile,0.35,116
2022-11-26,3,wk inc hosp,2022-12-17,36,quantile,0.4,117.23060030600305
2022-11-26,3,wk inc hosp,2022-12-17,36,quantile,0.45,118.79992799927999
2022-11-26,3,wk inc hosp,2022-12-17,36,quantile,0.5,120
2022-11-26,3,wk inc hosp,2022-12-17,36,quantile,0.55,121.2479974799748
2022-11-26,3,wk inc hosp,2022-12-17,36,quantile,0.6,122.78115381153812
2022-11-26,3,wk inc hosp,2022-12-17,36,quantile,0.65,124
2022-11-26,3,wk inc hosp,2022-12-17,36,quantile,0.7,125.84150841508415
2022-11-26,3,wk inc hosp,2022-12-17,36,quantile,0.75,127.75870758707586
2022-11-26,3,wk inc hosp,2022-12-17,36,quantile,0.8,130.23468634686347
2022-11-26,3,wk inc hosp,2022-12-17,36,quantile,0.85,134.40255602556024
2022-11-26,3,wk inc hosp,2022-12-17,36,quantile,0.9,143.70651606516074
2022-11-26,3,wk inc hosp,2022-12-17,36,quantile,0.95,155.40942759427597
2022-11-26,3,wk inc hosp,2022-12-17,36,quantile,0.975,161.12286472864727
2022-11-26,3,wk inc hosp,2022-12-17,36,quantile,0.99,168.66145621456212
2022-11-26,3,wk inc hosp,2022-12-17,41,quantile,0.01,27.989969399694
2022-11-26,3,wk inc hosp,2022-12-17,41,quantile,0.025,33.840072900729005
2022-11-26,3,wk inc hosp,2022-12-17,41,quantile,0.05,40.42920529205293
2022-11-26,3,wk inc hosp,2022-12-17,41,quantile,0.1,49.36976869768698
2022-11-26,3,wk inc hosp,2022-12-17,41,quantile,0.15,53.41345063450633
2022-11-26,3,wk inc hosp,2022-12-17,41,quantile,0.2,56
2022-11-26,3,wk inc hosp,2022-12-17,41,quantile,0.25,58
2022-11-26,3,wk inc hosp,2022-12-17,41,quantile,0.3,59.49488794887949
2022-11-26,3,wk inc hosp,2022-12-17,41,quantile,0.35,61
2022-11-26,3,wk inc hosp,2022-12-17,41,quantile,0.4,62
2022-11-26,3,wk inc hosp,2022-12-17,41,quantile,0.45,63
2022-11-26,3,wk inc hosp,2022-12-17,41,quantile,0.5,64
2022-11-26,3,wk inc hosp,2022-12-17,41,quantile,0.55,65
2022-11-26,3,wk inc hosp,2022-12-17,41,quantile,0.6,66
2022-11-26,3,wk inc hosp,2022-12-17,41,quantile,0.65,67
2022-11-26,3,wk inc hosp,2022-12-17,41,quantile,0.7,68.45269552695525
2022-11-26,3,wk inc hosp,2022-12-17,41,quantile,0.75,70
2022-11-26,3,wk inc hosp,2022-12-17,41,quantile,0.8,72
2022-11-26,3,wk inc hosp,2022-12-17,41,quantile,0.85,74.56697866978669
2022-11-26,3,wk inc hosp,2022-12-17,41,quantile,0.9,78.6771127711277
2022-11-26,3,wk inc hosp,2022-12-17,41,quantile,0.95,87.66262712627127
2022-11-26,3,wk inc hosp,2022-12-17,41,quantile,0.975,94.45757807578076
2022-11-26,3,wk inc hosp,2022-12-17,41,quantile,0.99,100.09781477814785
2022-11-26,3,wk inc hosp,2022-12-17,47,quantile,0.01,0
2022-11-26,3,wk inc hosp,2022-12-17,47,quantile,0.025,0.6101386013860151
2022-11-26,3,wk inc hosp,2022-12-17,47,quantile,0.05,3.802898028980292
2022-11-26,3,wk inc hosp,2022-12-17,47,quantile,0.1,7.051300513005129
2022-11-26,3,wk inc hosp,2022-12-17,47,quantile,0.15,9.407776077760778
2022-11-26,3,wk inc hosp,2022-12-17,47,quantile,0.2,11
2022-11-26,3,wk inc hosp,2022-12-17,47,quantile,0.25,12.464247142471425
2022-11-26,3,wk inc hosp,2022-12-17,47,quantile,0.3,14
2022-11-26,3,wk inc hosp,2022-12-17,47,quantile,0.35,15
2022-11-26,3,wk inc hosp,2022-12-17,47,quantile,0.4,16
2022-11-26,3,wk inc hosp,2022-12-17,47,quantile,0.45,17
2022-11-26,3,wk inc hosp,2022-12-17,47,quantile,0.5,18
2022-11-26,3,wk inc hosp,2022-12-17,47,quantile,0.55,19
2022-11-26,3,wk inc hosp,2022-12-17,47,quantile,0.6,20
2022-11-26,3,wk inc hosp,2022-12-17,47,quantile,0.65,21
2022-11-26,3,wk inc hosp,2022-12-17,47,quantile,0.7,22
2022-11-26,3,wk inc hosp,2022-12-17,47,quantile,0.75,23.575713257132577
2022-11-26,3,wk inc hosp,2022-12-17,47,quantile,0.8,25
2022-11-26,3,wk inc hosp,2022-12-17,47,quantile,0.85,26.578732787327798
2022-11-26,3,wk inc hosp,2022-12-17,47,quantile,0.9,28.789433894338945
2022-11-26,3,wk inc hosp,2022-12-17,47,quantile,0.95,32.01116461164613
2022-11-26,3,wk inc hosp,2022-12-17,47,quantile,0.975,35.41462289622895
2022-11-26,3,wk inc hosp,2022-12-17,47,quantile,0.99,39.805611556115466
2022-11-26,3,wk inc hosp,2022-12-17,49,quantile,0.01,49.56466114661147
2022-11-26,3,wk inc hosp,2022-12-17,49,quantile,0.025,56.34873098730987
2022-11-26,3,wk inc hosp,2022-12-17,49,quantile,0.05,60.85104401044012
2022-11-26,3,wk inc hosp,2022-12-17,49,quantile,0.1,66.50084600846009
2022-11-26,3,wk inc hosp,2022-12-17,49,quantile,0.15,71.31400414004139
2022-11-26,3,wk inc hosp,2022-12-17,49,quantile,0.2,74.890000900009
2022-11-26,3,wk inc hosp,2022-12-17,49,quantile,0.25,77
2022-11-26,3,wk inc hosp,2022-12-17,49,quantile,0.3,79
2022-11-26,3,wk inc hosp,2022-12-17,49,quantile,0.35,80.26240662406624
2022-11-26,3,wk inc hosp,2022-12-17,49,quantile,0.4,81.89945099450993
2022-11-26,3,wk inc hosp,2022-12-17,49,quantile,0.45,83
2022-11-26,3,wk inc hosp,2022-12-17,49,quantile,0.5,84
2022-11-26,3,wk inc hosp,2022-12-17,49,quantile,0.55,85
2022-11-26,3,wk inc hosp,2022-12-17,49,quantile,0.6,86.14203942039418
2022-11-26,3,wk inc hosp,2022-12-17,49,quantile,0.65,87.67924579245792
2022-11-26,3,wk inc hosp,2022-12-17,49,quantile,0.7,89
2022-11-26,3,wk inc hosp,2022-12-17,49,quantile,0.75,91
2022-11-26,3,wk inc hosp,2022-12-17,49,quantile,0.8,93.25430654306544
2022-11-26,3,wk inc hosp,2022-12-17,49,quantile,0.85,96.75041400414003
2022-11-26,3,wk inc hosp,2022-12-17,49,quantile,0.9,101.51570515705157
2022-11-26,3,wk inc hosp,2022-12-17,49,quantile,0.95,107.22007470074696
2022-11-26,3,wk inc hosp,2022-12-17,49,quantile,0.975,111.44837548375483
2022-11-26,3,wk inc hosp,2022-12-17,49,quantile,0.99,117.92275582755818
2022-11-26,4,wk inc hosp,2022-12-24,06,quantile,0.01,41.63730987309873
2022-11-26,4,wk inc hosp,2022-12-24,06,quantile,0.025,52.55084150841509
2022-11-26,4,wk inc hosp,2022-12-24,06,quantile,0.05,61.40332553325533
2022-11-26,4,wk inc hosp,2022-12-24,06,quantile,0.1,70
2022-11-26,4,wk inc hosp,2022-12-24,06,quantile,0.15,75
2022-11-26,4,wk inc hosp,2022-12-24,06,quantile,0.2,79
2022-11-26,4,wk inc hosp,2022-12-24,06,quantile,0.25,82.0479479794798
2022-11-26,4,wk inc hosp,2022-12-24,06,quantile,0.3,84.89782197821978
2022-11-26,4,wk inc hosp,2022-12-24,06,quantile,0.35,87
2022-11-26,4,wk inc hosp,2022-12-24,06,quantile,0.4,90
2022-11-26,4,wk inc hosp,2022-12-24,06,quantile,0.45,91.84816848168481
2022-11-26,4,wk inc hosp,2022-12-24,06,quantile,0.5,94
2022-11-26,4,wk inc hosp,2022-12-24,06,quantile,0.55,96.04743047430473
2022-11-26,4,wk inc hosp,2022-12-24,06,quantile,0.6,98
2022-11-26,4,wk inc hosp,2022-12-24,06,quantile,0.65,100.91640266402663
2022-11-26,4,wk inc hosp,2022-12-24,06,quantile,0.7,103.04932049320493
2022-11-26,4,wk inc hosp,2022-12-24,06,quantile,0.75,106
2022-11-26,4,wk inc hosp,2022-12-24,06,quantile,0.8,109
2022-11-26,4,wk inc hosp,2022-12-24,06,quantile,0.85,112.929979299793
2022-11-26,4,wk inc hosp,2022-12-24,06,quantile,0.9,118.11084510845113
2022-11-26,4,wk inc hosp,2022-12-24,06,quantile,0.95,126.87213122131222
2022-11-26,4,wk inc hosp,2022-12-24,06,quantile,0.975,135.4566690666909
2022-11-26,4,wk inc hosp,2022-12-24,06,quantile,0.99,146.2959310593106
2022-11-26,4,wk inc hosp,2022-12-24,08,quantile,0.01,161.29413374133745
2022-11-26,4,wk inc hosp,2022-12-24,08,quantile,0.025,187.41943569435693
2022-11-26,4,wk inc hosp,2022-12-24,08,quantile,0.05,213.98189181891823
2022-11-26,4,wk inc hosp,2022-12-24,08,quantile,0.1,238.02376023760252
2022-11-26,4,wk inc hosp,2022-12-24,08,quantile,0.15,251.5552425524255
2022-11-26,4,wk inc hosp,2022-12-24,08,quantile,0.2,261.22750427504275
2022-11-26,4,wk inc hosp,2022-12-24,08,quantile,0.25,268.2528575285753
2022-11-26,4,wk inc hosp,2022-12-24,08,quantile,0.3,273.880037800378
2022-11-26,4,wk inc hosp,2022-12-24,08,quantile,0.35,278.5511385113851
2022-11-26,4,wk inc hosp,2022-12-24,08,quantile,0.4,282.6822068220682
2022-11-26,4,wk inc hosp,2022-12-24,08,quantile,0.45,286.59851498514985
2022-11-26,4,wk inc hosp,2022-12-24,08,quantile,0.5,290
2022-11-26,4,wk inc hosp,2022-12-24,08,quantile,0.55,293.38978489784904
2022-11-26,4,wk inc hosp,2022-12-24,08,quantile,0.6,297.3981999819998
2022-11-26,4,wk inc hosp,2022-12-24,08,quantile,0.65,301.49528395283954
2022-11-26,4,wk inc hosp,2022-12-24,08,quantile,0.7,306.2443524435244
2022-11-26,4,wk inc hosp,2022-12-24,08,quantile,0.75,311.7831428314283
2022-11-26,4,wk inc hosp,2022-12-24,08,quantile,0.8,318.86757267572676
2022-11-26,4,wk inc hosp,2022-12-24,08,quantile,0.85,328.49308343083425
2022-11-26,4,wk inc hosp,2022-12-24,08,quantile,0.9,342.48947889478904
2022-11-26,4,wk inc hosp,2022-12-24,08,quantile,0.95,366.4445459454592
2022-11-26,4,wk inc hosp,2022-12-24,08,quantile,0.975,391.76150886508844
2022-11-26,4,wk inc hosp,2022-12-24,08,quantile,0.99,418.01740527405275
2022-11-26,4,wk inc hosp,2022-12-24,09,quantile,0.01,4
2022-11-26,4,wk inc hosp,2022-12-24,09,quantile,0.025,8.859938349383494
2022-11-26,4,wk inc hosp,2022-12-24,09,quantile,0.05,13
2022-11-26,4,wk inc hosp,2022-12-24,09,quantile,0.1,17.750427504275045
2022-11-26,4,wk inc hosp,2022-12-24,09,quantile,0.15,20.634776347763477
2022-11-26,4,wk inc hosp,2022-12-24,09,quantile,0.2,22.712105121051213
2022-11-26,4,wk inc hosp,2022-12-24,09,quantile,0.25,24.114256142561427
2022-11-26,4,wk inc hosp,2022-12-24,09,quantile,0.3,25.711988119881198
2022-11-26,4,wk inc hosp,2022-12-24,09,quantile,0.35,27
2022-11-26,4,wk inc hosp,2022-12-24,09,quantile,0.4,28
2022-11-26,4,wk inc hosp,2022-12-24,09,quantile,0.45,29
2022-11-26,4,wk inc hosp,2022-12-24,09,quantile,0.5,30
2022-11-26,4,wk inc hosp,2022-12-24,09,quantile,0.55,31
2022-11-26,4,wk inc hosp,2022-12-24,09,quantile,0.6,32
2022-11-26,4,wk inc hosp,2022-12-24,09,quantile,0.65,33
2022-11-26,4,wk inc hosp,2022-12-24,09,quantile,0.7,34.307542075420756
2022-11-26,4,wk inc hosp,2022-12-24,09,quantile,0.75,35.93114931149314
2022-11-26,4,wk inc hosp,2022-12-24,09,quantile,0.8,37.29644496444965
2022-11-26,4,wk inc hosp,2022-12-24,09,quantile,0.85,39.374579245792454
2022-11-26,4,wk inc hosp,2022-12-24,09,quantile,0.9,42.26512465124652
2022-11-26,4,wk inc hosp,2022-12-24,09,quantile,0.95,47
2022-11-26,4,wk inc hosp,2022-12-24,09,quantile,0.975,51
2022-11-26,4,wk inc hosp,2022-12-24,09,quantile,0.99,55.89794887948873
2022-11-26,4,wk inc hosp,2022-12-24,13,quantile,0.01,0
2022-11-26,4,wk inc hosp,2022-12-24,13,quantile,0.025,0
2022-11-26,4,wk inc hosp,2022-12-24,13,quantile,0.05,0
2022-11-26,4,wk inc hosp,2022-12-24,13,quantile,0.1,6
2022-11-26,4,wk inc hosp,2022-12-24,13,quantile,0.15,12
2022-11-26,4,wk inc hosp,2022-12-24,13,quantile,0.2,16.153127531275324
2022-11-26,4,wk inc hosp,2022-12-24,13,quantile,0.25,20
2022-11-26,4,wk inc hosp,2022-12-24,13,quantile,0.3,22.57775177751777
2022-11-26,4,wk inc hosp,2022-12-24,13,quantile,0.35,25.985437854378535
2022-11-26,4,wk inc hosp,2022-12-24,13,quantile,0.4,29
2022-11-26,4,wk inc hosp,2022-12-24,13,quantile,0.45,31
2022-11-26,4,wk inc hosp,2022-12-24,13,quantile,0.5,34
2022-11-26,4,wk inc hosp,2022-12-24,13,quantile,0.55,37
2022-11-26,4,wk inc hosp,2022-12-24,13,quantile,0.6,39
2022-11-26,4,wk inc hosp,2022-12-24,13,quantile,0.65,42.00944559445594
2022-11-26,4,wk inc hosp,2022-12-24,13,quantile,0.7,45.279290792907915
2022-11-26,4,wk inc hosp,2022-12-24,13,quantile,0.75,48
2022-11-26,4,wk inc hosp,2022-12-24,13,quantile,0.8,51.91613716137166
2022-11-26,4,wk inc hosp,2022-12-24,13,quantile,0.85,56
2022-11-26,4,wk inc hosp,2022-12-24,13,quantile,0.9,62.00083700837006
2022-11-26,4,wk inc hosp,2022-12-24,13,quantile,0.95,70.48360633606336
2022-11-26,4,wk inc hosp,2022-12-24,13,quantile,0.975,77.71866843668433
2022-11-26,4,wk inc hosp,2022-12-24,13,quantile,0.99,87.0600396003959
2022-11-26,4,wk inc hosp,2022-12-24,24,quantile,0.01,56.149715597155975
2022-11-26,4,wk inc hosp,2022-12-24,24,quantile,0.025,67.15239852398524
2022-11-26,4,wk inc hosp,2022-12-24,24,quantile,0.05,80.88461884618846
2022-11-26,4,wk inc hosp,2022-12-24,24,quantile,0.1,95
2022-11-26,4,wk inc hosp,2022-12-24,24,quantile,0.15,101.51283412834128
2022-11-26,4,wk inc hosp,2022-12-24,24,quantile,0.2,106.29918099180992
2022-11-26,4,wk inc hosp,2022-12-24,24,quantile,0.25,108.90081900819007
2022-11-26,4,wk inc hosp,2022-12-24,24,quantile,0.3,110
2022-11-26,4,wk inc hosp,2022-12-24,24,quantile,0.35,113
2022-11-26,4,wk inc hosp,2022-12-24,24,quantile,0.4,113
2022-11-26,4,wk inc hosp,2022-12-24,24,quantile,0.45,115.30683106831069
2022-11-26,4,wk inc hosp,2022-12-24,24,quantile,0.5,116
2022-11-26,4,wk inc hosp,2022-12-24,24,quantile,0.55,116.57745027450275
2022-11-26,4,wk inc hosp,2022-12-24,24,quantile,0.6,119
2022-11-26,4,wk inc hosp,2022-12-24,24,quantile,0.65,119
2022-11-26,4,wk inc hosp,2022-12-24,24,quantile,0.7,122
2022-11-26,4,wk inc hosp,2022-12-24,24,quantile,0.75,123.00067500675007
2022-11-26,4,wk inc hosp,2022-12-24,24,quantile,0.8,125.61528215282158
2022-11-26,4,wk inc hosp,2022-12-24,24,quantile,0.85,130.58334083340836
2022-11-26,4,wk inc hosp,2022-12-24,24,quantile,0.9,137.079830798308
2022-11-26,4,wk inc hosp,2022-12-24,24,quantile,0.95,151.1944919449196
2022-11-26,4,wk inc hosp,2022-12-24,24,quantile,0.975,164.82500675006767
2022-11-26,4,wk inc hosp,2022-12-24,24,quantile,0.99,175.63762847628473
2022-11-26,4,wk inc hosp,2022-12-24,26,quantile,0.01,53.01464674646746
2022-11-26,4,wk inc hosp,2022-12-24,26,quantile,0.025,61.80006525065251
2022-11-26,4,wk inc hosp,2022-12-24,26,quantile,0.05,68.87746827468277
2022-11-26,4,wk inc hosp,2022-12-24,26,quantile,0.1,78.87611376113762
2022-11-26,4,wk inc hosp,2022-12-24,26,quantile,0.15,86.35833408334082
2022-11-26,4,wk inc hosp,2022-12-24,26,quantile,0.2,91.03690036900369
2022-11-26,4,wk inc hosp,2022-12-24,26,quantile,0.25,94
2022-11-26,4,wk inc hosp,2022-12-24,26,quantile,0.3,96
2022-11-26,4,wk inc hosp,2022-12-24,26,quantile,0.35,98
2022-11-26,4,wk inc hosp,2022-12-24,26,quantile,0.4,99.2440104401044
2022-11-26,4,wk inc hosp,2022-12-24,26,quantile,0.45,100.71682566825669
2022-11-26,4,wk inc hosp,2022-12-24,26,quantile,0.5,102
2022-11-26,4,wk inc hosp,2022-12-24,26,quantile,0.55,103.19650346503467
2022-11-26,4,wk inc hosp,2022-12-24,26,quantile,0.6,104.68047880478804
2022-11-26,4,wk inc hosp,2022-12-24,26,quantile,0.65,106
2022-11-26,4,wk inc hosp,2022-12-24,26,quantile,0.7,108
2022-11-26,4,wk inc hosp,2022-12-24,26,quantile,0.75,110
2022-11-26,4,wk inc hosp,2022-12-24,26,quantile,0.8,112.97186571865726
2022-11-26,4,wk inc hosp,2022-12-24,26,quantile,0.85,117.67810728107283
2022-11-26,4,wk inc hosp,2022-12-24,26,quantile,0.9,125.1834308343084
2022-11-26,4,wk inc hosp,2022-12-24,26,quantile,0.95,135.2063405634056
2022-11-26,4,wk inc hosp,2022-12-24,26,quantile,0.975,142.29016965169646
2022-11-26,4,wk inc hosp,2022-12-24,26,quantile,0.99,150.60017280172798
2022-11-26,4,wk inc hosp,2022-12-24,27,quantile,0.01,86.94026100261003
2022-11-26,4,wk inc hosp,2022-12-24,27,quantile,0.025,98.61766492664928
2022-11-26,4,wk inc hosp,2022-12-24,27,quantile,0.05,109.72807578075785
2022-11-26,4,wk inc hosp,2022-12-24,27,quantile,0.1,122.79537395373956
2022-11-26,4,wk inc hosp,2022-12-24,27,quantile,0.15,130.27074070740707
2022-11-26,4,wk inc hosp,2022-12-24,27,quantile,0.2,135.3247592475925
2022-11-26,4,wk inc hosp,2022-12-24,27,quantile,0.25,139.44935199351994
2022-11-26,4,wk inc hosp,2022-12-24,27,quantile,0.3,143
2022-11-26,4,wk inc hosp,2022-12-24,27,quantile,0.35,146
2022-11-26,4,wk inc hosp,2022-12-24,27,quantile,0.4,148.889820898209
2022-11-26,4,wk inc hosp,2022-12-24,27,quantile,0.45,151.32092070920706
2022-11-26,4,wk inc hosp,2022-12-24,27,quantile,0.5,154
2022-11-26,4,wk inc hosp,2022-12-24,27,quantile,0.55,156.7563675636756
2022-11-26,4,wk inc hosp,2022-12-24,27,quantile,0.6,159.23139231392315
2022-11-26,4,wk inc hosp,2022-12-24,27,quantile,0.65,162
2022-11-26,4,wk inc hosp,2022-12-24,27,quantile,0.7,165
2022-11-26,4,wk inc hosp,2022-12-24,27,quantile,0.75,168.46721717217173
2022-11-26,4,wk inc hosp,2022-12-24,27,quantile,0.8,172.66258662586628
2022-11-26,4,wk inc hosp,2022-12-24,27,quantile,0.85,177.72475474754756
2022-11-26,4,wk inc hosp,2022-12-24,27,quantile,0.9,185.1348213482135
2022-11-26,4,wk inc hosp,2022-12-24,27,quantile,0.95,198.01037260372593
2022-11-26,4,wk inc hosp,2022-12-24,27,quantile,0.975,208.9896521465216
2022-11-26,4,wk inc hosp,2022-12-24,27,quantile,0.99,221.4330222302223
2022-11-26,4,wk inc hosp,2022-12-24,35,quantile,0.01,71.89919359193591
2022-11-26,4,wk inc hosp,2022-12-24,35,quantile,0.025,79.0759990099901
2022-11-26,4,wk inc hosp,2022-12-24,35,quantile,0.05,85.97380523805238
2022-11-26,4,wk inc hosp,2022-12-24,35,quantile,0.1,93.60324003240032
2022-11-26,4,wk inc hosp,2022-12-24,35,quantile,0.15,97.94549545495455
2022-11-26,4,wk inc hosp,2022-12-24,35,quantile,0.2,100.87045270452704
2022-11-26,4,wk inc hosp,2022-12-24,35,quantile,0.25,103.04362793627936
2022-11-26,4,wk inc hosp,2022-12-24,35,quantile,0.3,105
2022-11-26,4,wk inc hosp,2022-12-24,35,quantile,0.35,106.76785617856177
2022-11-26,4,wk inc hosp,2022-12-24,35,quantile,0.4,108.14742147421475
2022-11-26,4,wk inc hosp,2022-12-24,35,quantile,0.45,109.7549905499055
2022-11-26,4,wk inc hosp,2022-12-24,35,quantile,0.5,111
2022-11-26,4,wk inc hosp,2022-12-24,35,quantile,0.55,112.30072450724508
2022-11-26,4,wk inc hosp,2022-12-24,35,quantile,0.6,113.91962919629196
2022-11-26,4,wk inc hosp,2022-12-24,35,quantile,0.65,115.22539375393754
2022-11-26,4,wk inc hosp,2022-12-24,35,quantile,0.7,117
2022-11-26,4,wk inc hosp,2022-12-24,35,quantile,0.75,119
2022-11-26,4,wk inc hosp,2022-12-24,35,quantile,0.8,121.18545585455854
2022-11-26,4,wk inc hosp,2022-12-24,35,quantile,0.85,124.01869768697685
2022-11-26,4,wk inc hosp,2022-12-24,35,quantile,0.9,128.28566285662856
2022-11-26,4,wk inc hosp,2022-12-24,35,quantile,0.95,135.88897938979392
2022-11-26,4,wk inc hosp,2022-12-24,35,quantile,0.975,142.71410089100883
2022-11-26,4,wk inc hosp,2022-12-24,35,quantile,0.99,149.97978759787588
2022-11-26,4,wk inc hosp,2022-12-24,36,quantile,0.01,65.52535685356852
2022-11-26,4,wk inc hosp,2022-12-24,36,quantile,0.025,75.81936594365945
2022-11-26,4,wk inc hosp,2022-12-24,36,quantile,0.05,82.41381063810637
2022-11-26,4,wk inc hosp,2022-12-24,36,quantile,0.1,92.21515615156153
2022-11-26,4,wk inc hosp,2022-12-24,36,quantile,0.15,101.80774457744579
2022-11-26,4,wk inc hosp,2022-12-24,36,quantile,0.2,107.13183331833318
2022-11-26,4,wk inc hosp,2022-12-24,36,quantile,0.25,110.54754297542974
2022-11-26,4,wk inc hosp,2022-12-24,36,quantile,0.3,113
2022-11-26,4,wk inc hosp,2022-12-24,36,quantile,0.35,115
2022-11-26,4,wk inc hosp,2022-12-24,36,quantile,0.4,116.97172171721716
2022-11-26,4,wk inc hosp,2022-12-24,36,quantile,0.45,118.37188371883718
2022-11-26,4,wk inc hosp,2022-12-24,36,quantile,0.5,120
2022-11-26,4,wk inc hosp,2022-12-24,36,quantile,0.55,121.73527135271354
2022-11-26,4,wk inc hosp,2022-12-24,36,quantile,0.6,123.08465484654846
2022-11-26,4,wk inc hosp,2022-12-24,36,quantile,0.65,125
2022-11-26,4,wk inc hosp,2022-12-24,36,quantile,0.7,127
2022-11-26,4,wk inc hosp,2022-12-24,36,quantile,0.75,129.37595625956254
2022-11-26,4,wk inc hosp,2022-12-24,36,quantile,0.8,132.74887948879493
2022-11-26,4,wk inc hosp,2022-12-24,36,quantile,0.85,138.29235442354425
2022-11-26,4,wk inc hosp,2022-12-24,36,quantile,0.9,147.75199351993524
2022-11-26,4,wk inc hosp,2022-12-24,36,quantile,0.95,157.7862748627486
2022-11-26,4,wk inc hosp,2022-12-24,36,quantile,0.975,164.22943479434795
2022-11-26,4,wk inc hosp,2022-12-24,36,quantile,0.99,174.3712339123392
2022-11-26,4,wk inc hosp,2022-12-24,41,quantile,0.01,24.903497434974344
2022-11-26,4,wk inc hosp,2022-12-24,41,quantile,0.025,31.775229502295026
2022-11-26,4,wk inc hosp,2022-12-24,41,quantile,0.05,37.948829988299885
2022-11-26,4,wk inc hosp,2022-12-24,41,quantile,0.1,46.89887498874989
2022-11-26,4,wk inc hosp,2022-12-24,41,quantile,0.15,51.50932409324093
2022-11-26,4,wk inc hosp,2022-12-24,41,quantile,0.2,54.58450184501845
2022-11-26,4,wk inc hosp,2022-12-24,41,quantile,0.25,56.96100711007111
2022-11-26,4,wk inc hosp,2022-12-24,41,quantile,0.3,58.665781657816574
2022-11-26,4,wk inc hosp,2022-12-24,41,quantile,0.35,60
2022-11-26,4,wk inc hosp,2022-12-24,41,quantile,0.4,61.449428494284945
2022-11-26,4,wk inc hosp,2022-12-24,41,quantile,0.45,62.88242732427316
2022-11-26,4,wk inc hosp,2022-12-24,41,quantile,0.5,64
2022-11-26,4,wk inc hosp,2022-12-24,41,quantile,0.55,65
2022-11-26,4,wk inc hosp,2022-12-24,41,quantile,0.6,66.44046440464405
2022-11-26,4,wk inc hosp,2022-12-24,41,quantile,0.65,68
2022-11-26,4,wk inc hosp,2022-12-24,41,quantile,0.7,69.35072450724508
2022-11-26,4,wk inc hosp,2022-12-24,41,quantile,0.75,71.09497344973448
2022-11-26,4,wk inc hosp,2022-12-24,41,quantile,0.8,73.45299252992531
2022-11-26,4,wk inc hosp,2022-12-24,41,quantile,0.85,76.62425074250743
2022-11-26,4,wk inc hosp,2022-12-24,41,quantile,0.9,81.25982359823597
2022-11-26,4,wk inc hosp,2022-12-24,41,quantile,0.95,90.209805598055965
2022-11-26,4,wk inc hosp,2022-12-24,41,quantile,0.975,96.40811358113578
2022-11-26,4,wk inc hosp,2022-12-24,41,quantile,0.99,102.98952839528371
2022-11-26,4,wk inc hosp,2022-12-24,47,quantile,0.01,0
2022-11-26,4,wk inc hosp,2022-12-24,47,quantile,0.025,0
2022-11-26,4,wk inc hosp,2022-12-24,47,quantile,0.05,2
2022-11-26,4,wk inc hosp,2022-12-24,47,quantile,0.1,6
2022-11-26,4,wk inc hosp,2022-12-24,47,quantile,0.15,8.27507875078751
2022-11-26,4,wk inc hosp,2022-12-24,47,quantile,0.2,10.03688236882369
2022-11-26,4,wk inc hosp,2022-12-24,47,quantile,0.25,12
2022-11-26,4,wk inc hosp,2022-12-24,47,quantile,0.3,13.138304383043835
2022-11-26,4,wk inc hosp,2022-12-24,47,quantile,0.35,14.417955179551793
2022-11-26,4,wk inc hosp,2022-12-24,47,quantile,0.4,16
2022-11-26,4,wk inc hosp,2022-12-24,47,quantile,0.45,17
2022-11-26,4,wk inc hosp,2022-12-24,47,quantile,0.5,18
2022-11-26,4,wk inc hosp,2022-12-24,47,quantile,0.55,19.083921339213394
2022-11-26,4,wk inc hosp,2022-12-24,47,quantile,0.6,20.117073170731704
2022-11-26,4,wk inc hosp,2022-12-24,47,quantile,0.65,21.653541535415357
2022-11-26,4,wk inc hosp,2022-12-24,47,quantile,0.7,22.954324543245423
2022-11-26,4,wk inc hosp,2022-12-24,47,quantile,0.75,24.063878138781394
2022-11-26,4,wk inc hosp,2022-12-24,47,quantile,0.8,25.945999459994606
2022-11-26,4,wk inc hosp,2022-12-24,47,quantile,0.85,27.706160561605614
2022-11-26,4,wk inc hosp,2022-12-24,47,quantile,0.9,30
2022-11-26,4,wk inc hosp,2022-12-24,47,quantile,0.95,33.92150571505726
2022-11-26,4,wk inc hosp,2022-12-24,47,quantile,0.975,37.24902349023491
2022-11-26,4,wk inc hosp,2022-12-24,47,quantile,0.99,42.001665016650016
2022-11-26,4,wk inc hosp,2022-12-24,49,quantile,0.01,45.11508235082351
2022-11-26,4,wk inc hosp,2022-12-24,49,quantile,0.025,53.2790230402304
2022-11-26,4,wk inc hosp,2022-12-24,49,quantile,0.05,58.6789352893529
2022-11-26,4,wk inc hosp,2022-12-24,49,quantile,0.1,64.6259832598326
2022-11-26,4,wk inc hosp,2022-12-24,49,quantile,0.15,69.29095940959411
2022-11-26,4,wk inc hosp,2022-12-24,49,quantile,0.2,73
2022-11-26,4,wk inc hosp,2022-12-24,49,quantile,0.25,75.82782827828278
2022-11-26,4,wk inc hosp,2022-12-24,49,quantile,0.3,78
2022-11-26,4,wk inc hosp,2022-12-24,49,quantile,0.35,79.69398793987939
2022-11-26,4,wk inc hosp,2022-12-24,49,quantile,0.4,81
2022-11-26,4,wk inc hosp,2022-12-24,49,quantile,0.45,82.63455584555845
2022-11-26,4,wk inc hosp,2022-12-24,49,quantile,0.5,84
2022-11-26,4,wk inc hosp,2022-12-24,49,quantile,0.55,85.2628026280263
2022-11-26,4,wk inc hosp,2022-12-24,49,quantile,0.6,86.98678786787869
2022-11-26,4,wk inc hosp,2022-12-24,49,quantile,0.65,88.27925029250292
2022-11-26,4,wk inc hosp,2022-12-24,49,quantile,0.7,90
2022-11-26,4,wk inc hosp,2022-12-24,49,quantile,0.75,92.29223292232922
2022-11-26,4,wk inc hosp,2022-12-24,49,quantile,0.8,95.01569615696161
2022-11-26,4,wk inc hosp,2022-12-24,49,quantile,0.85,98.83478984789848
2022-11-26,4,wk inc hosp,2022-12-24,49,quantile,0.9,103.44457744577444
2022-11-26,4,wk inc hosp,2022-12-24,49,quantile,0.95,109.36812618126176
2022-11-26,4,wk inc hosp,2022-12-24,49,quantile,0.975,114.58286382863825
2022-11-26,4,wk inc hosp,2022-12-24,49,quantile,0.99,122.13069210692107
