model,date,interval_score,dispersion,underprediction,overprediction,coverage_deviation,bias,ae_median,coverage_50,coverage_95,r_wis,improvement,percent
COVID-19_forecast_model,2022-09-17,33.76519230769231,19.83826923076923,2.1653846153846157,11.76153846153846,0.1007692307692308,0.2788461538461539,52.673076923076934,0.7115384615384616,0.9807692307692307,0.4725148781769694,52.74851218230305,0.5274851218230305
COVID-19_forecast_model,2022-09-24,45.48490384615384,22.134903846153847,5.948076923076923,17.401923076923072,0.05269230769230772,0.13269230769230766,79.57692307692307,0.576923076923077,1,0.5291313191897886,47.08686808102114,0.4708686808102114
COVID-19_forecast_model,2022-10-01,58.398012820512825,23.810833333333335,7.820512820512823,26.766666666666673,0.02641025641025643,0.1852564102564103,105.38461538461537,0.5128205128205128,1,0.5796335740228773,42.03664259771227,0.4203664259771227
COVID-19_forecast_model,2022-10-08,61.762692307692305,24.96846153846154,11.377884615384614,25.416346153846156,0.033461538461538466,0.1783653846153846,112.16346153846156,0.5432692307692307,0.9855769230769231,0.5882656890799577,41.17343109200423,0.4117343109200423
COVID-19_forecast_model,2022-10-15,52.089134615384616,23.226634615384615,10.2048076923077,18.65769230769231,0.045000000000000026,0.16225961538461545,90.66826923076921,0.5865384615384615,0.9759615384615385,0.5594580367022043,44.05419632977957,0.4405419632977957
COVID-19_forecast_model,2022-10-22,43.93942307692308,22.233653846153846,8.960576923076921,12.745192307692307,0.06038461538461544,0.053125000000000054,74.9903846153846,0.610576923076923,0.9903846153846154,0.5261615898395412,47.38384101604588,0.4738384101604588
COVID-19_forecast_model,2022-10-29,36.18192307692308,22.43096153846154,6.606730769230769,7.144230769230768,0.10365384615384618,0.04110576923076912,56.1778846153846,0.7067307692307693,1,0.48510015715403904,51.489984284596105,0.514899842845961
COVID-19_forecast_model,2022-11-05,43.137884615384614,24.262884615384618,4.424038461538453,14.45096153846154,0.06807692307692312,0.31081730769230764,65.95192307692307,0.6298076923076922,0.9903846153846154,0.5979717244875702,40.20282755124298,0.4020282755124298
COVID-19_forecast_model,2022-11-12,58.949086538461536,26.38754807692308,4.434615384615379,28.126923076923077,-0.004999999999999988,0.5346153846153846,105.03846153846155,0.44230769230769224,0.9903846153846154,0.8095410124471559,19.04589875528441,0.19045898755284407
COVID-19_forecast_model,2022-11-19,78.32307692307693,28.494230769230768,4.252884615384623,45.575961538461534,-0.05307692307692306,0.6225961538461537,141.1442307692308,0.3653846153846154,0.9519230769230771,1.0291344487386933,-2.913444873869331,-0.029134448738693308
COVID-19_forecast_model,2022-11-26,80.45423076923076,29.744615384615386,7.226923076923077,43.48269230769231,-0.03769230769230767,0.4596153846153845,147.20192307692307,0.4182692307692307,0.9375,0.9317248415374388,6.827515846256116,0.06827515846256116
COVID-19_forecast_model,2022-12-03,68.68951923076922,30.211634615384614,25.95,12.527884615384615,0.06134615384615386,-0.16009615384615394,119.64903846153845,0.6057692307692307,0.9903846153846154,0.5753017715240164,42.46982284759836,0.4246982284759836
COVID-19_forecast_model,2022-12-10,57.434423076923075,31.742115384615385,14.232692307692302,11.459615384615384,0.09211538461538459,0.10336538461538453,92.34615384615387,0.6778846153846155,0.9951923076923077,0.48935608468859265,51.06439153114073,0.5106439153114073
COVID-19_forecast_model,2022-12-17,58.21326923076923,33.71038461538462,10.413461538461537,14.089423076923085,0.07769230769230777,0.13581730769230776,88.28365384615387,0.6682692307692307,0.971153846153846,0.5087137326808231,49.12862673191769,0.4912862673191769
COVID-19_forecast_model,2022-12-24,67.60923076923078,37.12173076923077,8.572115384615383,21.915384615384617,0.045000000000000026,0.26225961538461534,102.1009615384616,0.6009615384615385,0.9615384615384615,0.6049513858414123,39.50486141585877,0.3950486141585877
COVID-19_forecast_model,2022-12-31,91.30403846153845,41.55596153846154,24.156730769230776,25.59134615384615,-0.01173076923076926,0.1651442307692307,156.99038461538458,0.5048076923076922,0.9134615384615385,0.647308200912977,35.2691799087023,0.352691799087023
COVID-19_forecast_model,2023-01-07,129.99091346153844,48.30052884615385,7.791346153846156,73.89903846153847,-0.09634615384615382,0.5204326923076922,225.85576923076914,0.37980769230769235,0.826923076923077,1.0151438479391615,-1.5143847939161459,-0.015143847939161459
COVID-19_forecast_model,2023-01-14,157.66201923076923,47.48413461538462,0.3173076923076923,109.86057692307693,-0.1376923076923077,0.7533653846153846,274.1682692307692,0.32211538461538447,0.7836538461538461,1.5709623802470134,-57.09623802470134,-0.5709623802470134
COVID-19_forecast_model,2023-01-21,148.71639423076923,42.31543269230769,0.23942307692307677,106.16153846153846,-0.13288461538461535,0.7336538461538462,263.3317307692308,0.3076923076923077,0.8076923076923078,1.1437575915996538,-14.375759159965384,-0.14375759159965384
COVID-19_forecast_model,2023-01-28,99.27322115384615,35.06360576923077,1.1990384615384604,63.010576923076925,-0.061730769230769214,0.5521634615384614,174.51923076923075,0.39903846153846145,0.8942307692307693,0.6699199844500233,33.00800155499767,0.3300800155499767
COVID-19_forecast_model,2023-02-04,45.10966346153846,26.349086538461542,5.4980769230769235,13.262500000000001,0.07288461538461541,0.002644230769230723,72.0721153846154,0.6538461538461539,0.9759615384615385,0.31749429808424867,68.25057019157514,0.6825057019157513
COVID-19_forecast_model,2023-02-11,49.58221153846154,20.71778846153846,28.175000000000004,0.6894230769230767,-0.022307692307692244,-0.6415865384615385,85.41826923076921,0.4471153846153845,0.9423076923076922,0.45725701650591394,54.2742983494086,0.542742983494086
COVID-19_forecast_model,2023-02-18,67.05014423076923,17.390528846153845,49.551923076923075,0.10769230769230777,-0.15499999999999997,-0.8247596153846154,123.92307692307693,0.21153846153846148,0.8509615384615385,0.7990595180482877,20.094048195171233,0.20094048195171232
COVID-19_forecast_model,2023-02-25,69.13918269230768,15.942067307692309,52.934615384615384,0.26249999999999996,-0.11461538461538459,-0.7391826923076923,124.58173076923075,0.326923076923077,0.8317307692307693,0.9013056731767104,9.86943268232896,0.0986943268232896
COVID-19_forecast_model,2023-03-04,62.27048076923077,15.32625,45.9826923076923,0.9615384615384625,-0.10499999999999998,-0.6269230769230769,108.34615384615387,0.35096153846153855,0.8317307692307693,0.8051206655104068,19.487933448959318,0.19487933448959316
COVID-19_forecast_model,2023-03-11,43.48403846153846,15.323461538461538,26.245192307692307,1.915384615384616,-0.011730769230769237,-0.3569711538461539,75.80288461538464,0.47596153846153855,0.9423076923076923,0.5496594493506582,45.03405506493417,0.45034055064934175
COVID-19_forecast_model,2023-03-18,30.681971153846156,15.04735576923077,13.3125,2.3221153846153846,0.05365384615384616,-0.1899038461538461,49.66346153846153,0.6057692307692307,0.9711538461538461,0.38401593477122314,61.59840652287769,0.6159840652287769
COVID-19_forecast_model,2023-03-25,24.55033653846154,14.983990384615385,7.376923076923078,2.1894230769230765,0.09692307692307695,-0.19447115384615388,36.15865384615385,0.6923076923076923,0.9951923076923077,0.32860881480372145,67.13911851962786,0.6713911851962786
COVID-19_forecast_model,2023-04-01,22.842836538461537,14.84764423076923,3.6461538461538443,4.349038461538461,0.11230769230769234,0.11610576923076908,33.59134615384616,0.7259615384615385,1,0.3282550277559693,67.17449722440307,0.6717449722440307
COVID-19_forecast_model,2023-04-08,24.181298076923078,14.800528846153846,0.5125000000000003,8.868269230769231,0.0748076923076923,0.4860576923076923,35.23076923076923,0.6442307692307689,0.9903846153846154,0.36127466865033836,63.87253313496617,0.6387253313496617
COVID-19_forecast_model,2023-04-15,30.58076923076923,14.661538461538463,0.43653846153846165,15.482692307692306,0.012307692307692313,0.54375,51.26923076923078,0.49519230769230743,0.9759615384615385,0.4732877246168126,52.671227538318746,0.5267122753831874
COVID-19_forecast_model,2023-04-22,39.59346153846154,14.457884615384616,0.16153846153846144,24.974038461538463,-0.0963461538461538,0.740625,71.61057692307693,0.28846153846153855,0.9182692307692307,0.6210026440622288,37.899735593777116,0.3789973559377712
COVID-19_forecast_model,2023-04-29,50.01326923076923,13.846923076923076,0.3355769230769225,35.83076923076923,-0.1819230769230769,0.7382211538461537,88.14903846153847,0.235576923076923,0.7596153846153846,0.760632093480696,23.936790651930394,0.23936790651930395
COVID-19_forecast_model,2023-05-06,40.95158653846154,12.813125000000001,0.4067307692307692,27.73173076923077,-0.09442307692307689,0.6560096153846153,73.27884615384613,0.32211538461538464,0.8846153846153846,0.680452965584925,31.954703441507505,0.31954703441507504
COVID-19_forecast_model,2023-05-13,31.922115384615385,11.635576923076924,0.3682692307692314,19.91826923076923,-0.06269230769230767,0.6353365384615385,57.144230769230774,0.37019230769230776,0.9134615384615385,0.5834019782436415,41.65980217563585,0.4165980217563585
COVID-19_forecast_model,2023-05-20,28.92735576923077,10.569663461538461,0.325,18.032692307692308,-0.10692307692307691,0.7088942307692307,51.5673076923077,0.28846153846153855,0.889423076923077,0.5489170872690496,45.108291273095034,0.45108291273095036
COVID-19_forecast_model,2023-05-27,26.169134615384614,9.651826923076923,0.33173076923076894,16.185576923076923,-0.08192307692307692,0.6240384615384615,44.3076923076923,0.3605769230769229,0.8798076923076922,0.5228614033130318,47.71385966869682,0.47713859668696823
COVID-19_forecast_model,2023-06-03,22.517163461538463,8.966201923076923,0.5663461538461534,12.984615384615385,-0.04442307692307693,0.5314903846153847,37.90865384615385,0.4567307692307693,0.875,0.47754672745644433,52.245327254355566,0.5224532725435557
COVID-19_forecast_model,2023-06-10,22.30855769230769,8.298942307692307,0.7759615384615386,13.233653846153846,-0.059807692307692305,0.494951923076923,36.40384615384615,0.4375,0.8557692307692307,0.4796362938957688,52.03637061042312,0.5203637061042312
COVID-19_forecast_model,2023-06-17,18.741923076923076,7.815961538461538,0.6884615384615385,10.2375,0.0026923076923077247,0.41850961538461545,29.36057692307693,0.5528846153846155,0.8942307692307693,0.42544506282569344,57.45549371743066,0.5745549371743066
COVID-19_forecast_model,2023-06-24,18.407259615384614,7.706298076923076,0.39230769230769236,10.308653846153844,-0.037692307692307664,0.546875,30.293269230769223,0.43269230769230765,0.9182692307692307,0.43597225273930434,56.40277472606956,0.5640277472606956
COVID-19_forecast_model,2023-07-01,17.43576923076923,7.771346153846155,0.8230769230769233,8.841346153846153,-0.0021153846153845975,0.528125,28.966346153846153,0.49519230769230776,0.9423076923076923,0.4359745777105452,56.40254222894547,0.5640254222894547
COVID-19_forecast_model,2023-07-08,18.170480769230767,7.973365384615383,0.43557692307692314,9.76153846153846,-0.04153846153846153,0.5653846153846154,30.475961538461533,0.423076923076923,0.9134615384615385,0.46721031015536274,53.278968984463724,0.5327896898446373
COVID-19_forecast_model,2023-07-15,17.131778846153846,8.220240384615385,0.9240384615384615,7.9875,0.015192307692307712,0.37908653846153834,27.740384615384606,0.5144230769230771,0.9615384615384615,0.4463934885569273,55.36065114430727,0.5536065114430727
COVID-19_forecast_model,2023-07-22,17.447115384615387,8.9,1.3875,7.159615384615384,-0.0049999999999999385,0.3793269230769231,27.841346153846157,0.45673076923076916,0.9759615384615385,0.43387168769740064,56.61283123025993,0.5661283123025993
COVID-19_forecast_model,2023-07-29,18.143076923076922,9.65846153846154,2.275961538461537,6.208653846153847,0.045961538461538505,0.2911057692307692,29.086538461538463,0.5817307692307693,0.971153846153846,0.41335700272260395,58.66429972773961,0.5866429972773961
COVID-19_forecast_model,2023-08-05,18.00125,10.455096153846155,3.242307692307693,4.303846153846154,0.09884615384615389,0.1600961538461537,26.98076923076921,0.6971153846153845,0.9951923076923077,0.3761647475128765,62.38352524871236,0.6238352524871236
COVID-19_forecast_model,2023-08-12,20.987788461538464,11.38875,7.654807692307694,1.944230769230769,0.07000000000000006,-0.1872596153846154,32.47596153846153,0.6298076923076922,0.9903846153846154,0.3792727883187083,62.07272116812916,0.6207272116812916
COVID-19_forecast_model,2023-08-19,26.301682692307693,12.423798076923076,13.04230769230769,0.8355769230769228,0.012307692307692322,-0.4584134615384616,45.05288461538462,0.5,0.9759615384615385,0.4072598887649725,59.274011123502746,0.5927401112350275
COVID-19_forecast_model,2023-08-26,35.79269230769231,13.403269230769231,21.933653846153845,0.4557692307692306,-0.020384615384615338,-0.5442307692307692,67.26442307692311,0.42307692307692296,0.9711538461538461,0.47310814088182984,52.68918591181701,0.5268918591181702
COVID-19_forecast_model,2023-09-02,37.84533653846154,14.48956730769231,22.7375,0.6182692307692308,-0.012692307692307673,-0.5112980769230768,70.24038461538463,0.46634615384615385,0.9519230769230769,0.5099233019629503,49.00766980370497,0.4900766980370497
COVID-19_forecast_model,2023-09-09,48.09600961538462,15.567163461538462,31.62211538461538,0.90673076923077,-0.053076923076923174,-0.630528846153846,86.02884615384613,0.36538461538461564,0.9471153846153846,0.6167385875655467,38.326141243445335,0.38326141243445333
COVID-19_forecast_model,2023-09-16,36.94326923076923,16.602884615384614,16.711538461538463,3.628846153846153,0.02384615384615387,-0.39807692307692305,62.5096153846154,0.528846153846154,0.971153846153846,0.618001518534538,38.1998481465462,0.381998481465462
COVID-19_forecast_model,2023-09-23,42.149663461538466,17.300625,15.727884615384616,9.121153846153831,-0.011730769230769232,-0.332932692307692,74.4182692307692,0.4471153846153846,0.9711538461538461,0.6854908049880791,31.450919501192086,0.3145091950119209
COVID-19_forecast_model,2023-09-30,51.04745192307692,17.436875,16.780769230769227,16.8298076923077,-0.07134615384615385,-0.16923076923076932,88.91826923076921,0.3221153846153846,0.9471153846153846,0.7142655326171562,28.57344673828438,0.2857344673828438
COVID-19_forecast_model,2023-10-07,49.06485576923077,17.391778846153848,8.072115384615389,23.600961538461547,-0.032884615384615436,0.04711538461538454,87.63461538461542,0.4423076923076922,0.923076923076923,0.6719158677473982,32.80841322526018,0.3280841322526018
COVID-19_forecast_model,2023-10-14,40.30649038461539,16.69014423076923,4.074038461538461,19.5423076923077,0.03250000000000001,0.16947115384615383,70.5528846153846,0.5865384615384615,0.9375,0.6031634789267232,39.68365210732768,0.3968365210732768
COVID-19_forecast_model,2023-10-21,34.93033653846154,16.193798076923077,4.12019230769231,14.616346153846152,0.05269230769230767,0.16947115384615397,58.27884615384614,0.6009615384615385,0.9711538461538461,0.5923269637526887,40.767303624731134,0.4076730362473113
COVID-19_forecast_model,2023-10-28,33.89865384615385,15.931346153846155,5.652884615384617,12.31442307692308,0.04499999999999999,0.16874999999999998,58.34615384615387,0.6009615384615385,0.9567307692307693,0.6163933018709569,38.36066981290431,0.38360669812904313
COVID-19_forecast_model,2023-11-04,38.64908653846154,16.383701923076924,1.2692307692307685,20.996153846153845,-0.013653846153846159,0.565625,69.65384615384613,0.423076923076923,0.9855769230769231,0.7539747548600895,24.602524513991053,0.24602524513991053
COVID-19_forecast_model,2023-11-11,35.597932692307694,16.872932692307693,2.484615384615385,16.240384615384617,0.05653846153846154,0.27475961538461535,60.51923076923079,0.5817307692307693,1,0.7447697653088844,25.52302346911156,0.2552302346911156
COVID-19_forecast_model,2023-11-18,37.057307692307695,17.706346153846155,2.2576923076923068,17.09326923076923,0.06807692307692312,0.3139423076923077,61.14903846153847,0.625,0.9903846153846154,0.719493794159074,28.0506205840926,0.280506205840926
COVID-19_forecast_model,2023-11-25,37.39091346153846,18.629375,3.4163461538461544,15.34519230769231,0.0757692307692308,0.20841346153846155,62.18269230769231,0.6298076923076923,1,0.6522028596378365,34.77971403621635,0.34779714036216347
COVID-19_forecast_model,2023-12-02,40.051346153846154,19.435961538461537,12.528846153846155,8.086538461538463,0.0911538461538462,-0.0701923076923077,68.41346153846156,0.6634615384615385,1,0.49546599396488084,50.45340060351191,0.5045340060351191
COVID-19_forecast_model,2023-12-09,36.40528846153846,20.91394230769231,4.936538461538458,10.554807692307692,0.10653846153846161,0.17884615384615388,55.00480769230769,0.7307692307692307,0.9807692307692307,0.47685634684223543,52.314365315776456,0.5231436531577646
COVID-19_forecast_model,2023-12-16,36.63317307692308,22.195673076923075,4.695192307692306,9.742307692307694,0.11134615384615391,0.15841346153846145,54.283653846153854,0.7355769230769229,0.9903846153846154,0.49171400533924603,50.828599466075396,0.508285994660754
COVID-19_forecast_model,2023-12-23,42.57682692307692,23.637403846153845,13.998076923076919,4.941346153846154,0.10942307692307694,-0.11201923076923077,68.94711538461539,0.7163461538461539,0.9951923076923077,0.4558445542590814,54.415544574091854,0.5441554457409186
COVID-19_forecast_model,2023-12-30,60.61846153846154,26.20019230769231,31.78365384615385,2.634615384615384,0.08730769230769235,-0.26394230769230764,103.46634615384613,0.6634615384615385,1,0.4523143018283132,54.768569817168675,0.5476856981716868
COVID-19_forecast_model,2024-01-06,58.151201923076925,29.448317307692307,16.639423076923073,12.06346153846154,0.07288461538461542,0.07067307692307687,95.3125,0.625,1,0.5279563640734389,47.20436359265611,0.47204363592656107
COVID-19_forecast_model,2024-01-13,63.837644230769236,29.879951923076923,4.708653846153845,29.249038461538458,-0.009807692307692302,0.44807692307692304,109.58653846153845,0.4663461538461538,0.9567307692307693,0.8326989265059935,16.730107349400647,0.16730107349400647
COVID-19_forecast_model,2024-01-20,83.550625,28.60158653846154,1.0836538461538459,53.86538461538461,-0.15019230769230765,0.7213942307692308,144.4278846153846,0.25,0.8221153846153845,0.8811674396183863,11.883256038161372,0.11883256038161372
COVID-19_forecast_model,2024-01-27,67.68076923076923,25.047115384615385,1.9653846153846146,40.66826923076923,-0.05019230769230765,0.5497596153846154,115.77403846153845,0.43269230769230776,0.889423076923077,0.5794489880929571,42.05510119070429,0.4205510119070429
COVID-19_forecast_model,2024-02-03,43.63235576923077,20.490048076923078,4.4365384615384595,18.70576923076923,0.0305769230769231,0.2930288461538462,75.5576923076923,0.5576923076923077,0.9663461538461539,0.35156948485542705,64.8430515144573,0.648430515144573
COVID-19_forecast_model,2024-02-10,31.97591346153846,16.931682692307692,10.34423076923077,4.699999999999999,0.07480769230769234,-0.19182692307692303,54.1153846153846,0.6346153846153846,0.9903846153846154,0.30811420932240074,69.18857906775993,0.6918857906775993
COVID-19_forecast_model,2024-02-17,35.159471153846155,14.307548076923077,20.142307692307693,0.7096153846153842,0.04211538461538467,-0.4442307692307692,60.634615384615394,0.5625,0.9855769230769231,0.4524614178270541,54.75385821729459,0.5475385821729459
COVID-19_forecast_model,2024-02-24,33.800817307692306,13.063317307692309,20.175,0.5624999999999999,0.00749999999999999,-0.5278846153846154,56.71634615384615,0.5144230769230771,0.9471153846153846,0.5132795381742641,48.672046182573595,0.4867204618257359
COVID-19_forecast_model,2024-03-02,26.121009615384615,12.154663461538462,12.43173076923077,1.5346153846153847,0.02769230769230772,-0.2805288461538462,42.16826923076923,0.548076923076923,0.9663461538461539,0.4024582448751996,59.75417551248003,0.5975417551248003
COVID-19_forecast_model,2024-03-09,20.65966346153846,11.57985576923077,5.853846153846154,3.2259615384615388,0.07384615384615383,-0.1942307692307693,31.8701923076923,0.6346153846153845,0.9903846153846154,0.3058840402862383,69.41159597137617,0.6941159597137617
COVID-19_forecast_model,2024-03-16,19.688365384615384,10.900865384615384,0.6442307692307699,8.143269230769231,0.08250000000000002,0.4197115384615384,34.29326923076923,0.6490384615384615,0.9951923076923077,0.25909328591493747,74.09067140850625,0.7409067140850625
COVID-19_forecast_model,2024-03-23,21.769759615384615,10.075528846153846,0.25288461538461526,11.441346153846153,-0.007884615384615396,0.5776442307692309,38.68269230769231,0.4326923076923078,0.9855769230769231,0.29559019708142115,70.44098029185788,0.7044098029185788
COVID-19_forecast_model,2024-03-30,23.096201923076922,9.260625000000001,0.12115384615384614,13.714423076923078,-0.046346153846153815,0.6685096153846153,42.1875,0.3846153846153844,0.9471153846153846,0.34894259339460526,65.10574066053947,0.6510574066053947
COVID-19_forecast_model,2024-04-06,20.709615384615386,8.39423076923077,0.25288461538461526,12.062500000000002,-0.034807692307692276,0.6305288461538461,37.028846153846146,0.4182692307692307,0.9326923076923077,0.3725118929739089,62.74881070260911,0.6274881070260911
COVID-19_forecast_model,2024-04-13,20.391826923076923,7.5985576923076925,0.20096153846153858,12.592307692307692,-0.04346153846153842,0.5805288461538461,36.62019230769231,0.375,0.9567307692307693,0.4170524495986979,58.294755040130205,0.5829475504013021
COVID-19_forecast_model,2024-04-20,20.641971153846153,6.998701923076923,0.07980769230769226,13.563461538461539,-0.0896153846153846,0.713701923076923,37.610576923076934,0.2788461538461538,0.9375,0.4742184757456823,52.57815242543177,0.5257815242543177
COVID-19_forecast_model,2024-04-27,20.20966346153846,6.362548076923077,0.21442307692307697,13.632692307692308,-0.07903846153846149,0.6132211538461538,35.79326923076923,0.3461538461538461,0.8990384615384615,0.493128816192233,50.68711838077671,0.5068711838077671
Influenza_forecast_model,2022-09-17,2.123846153846154,0.8969230769230769,0.8038461538461539,0.42307692307692313,0.1007692307692308,0.03557692307692307,3.903846153846154,0.6346153846153846,1,0.6205823635322409,37.941763646775904,0.37941763646775906
Influenza_forecast_model,2022-09-24,1.9927884615384617,1.0274038461538462,0.7153846153846154,0.24999999999999997,0.1430769230769231,-0.14807692307692313,3.346153846153846,0.7115384615384616,1,0.5884487144457924,41.15512855542076,0.4115512855542076
Influenza_forecast_model,2022-10-01,3.2016666666666667,1.1670512820512822,1.9435897435897438,0.091025641025641,0.06871794871794876,-0.3631410256410257,5.416666666666667,0.6025641025641026,0.9423076923076923,0.7526643261365089,24.733567386349108,0.2473356738634911
Influenza_forecast_model,2022-10-08,6.62423076923077,1.3482692307692308,5.160576923076923,0.11538461538461535,-0.04730769230769225,-0.4430288461538462,11.697115384615383,0.43269230769230776,0.8798076923076923,0.9012247614914914,9.877523850850856,0.09877523850850856
Influenza_forecast_model,2022-10-15,8.786778846153847,1.565625,7.1163461538461545,0.10480769230769234,-0.041538461538461496,-0.5334134615384616,14.971153846153847,0.43269230769230776,0.8605769230769229,0.8431188326966583,15.688116730334167,0.15688116730334167
Influenza_forecast_model,2022-10-22,13.988365384615387,1.893173076923077,12.036538461538463,0.05865384615384614,-0.13000000000000003,-0.673076923076923,22.264423076923073,0.33653846153846145,0.75,0.8203861358501807,17.961386414981927,0.17961386414981928
Influenza_forecast_model,2022-10-29,35.86951923076923,2.4483653846153848,33.34519230769231,0.07596153846153837,-0.2973076923076923,-0.7795673076923076,50.903846153846146,0.16826923076923078,0.5288461538461539,0.8476296524850765,15.23703475149235,0.1523703475149235
Influenza_forecast_model,2022-11-05,53.5845673076923,3.7884134615384615,49.74038461538461,0.055769230769230765,-0.32423076923076916,-0.842548076923077,74.66346153846156,0.13942307692307693,0.4903846153846155,0.7196706038915177,28.032939610848228,0.2803293961084823
Influenza_forecast_model,2022-11-12,61.90822115384615,6.251490384615384,55.32211538461539,0.33461538461538454,-0.24634615384615383,-0.7608173076923077,88.05288461538461,0.21634615384615377,0.6057692307692307,0.6181057556865125,38.18942443134875,0.3818942443134875
Influenza_forecast_model,2022-11-19,69.08788461538462,10.183076923076923,56.59038461538462,2.3144230769230765,-0.17903846153846156,-0.6057692307692307,100.48557692307688,0.3028846153846156,0.6971153846153846,0.5656254500815511,43.437454991844895,0.4343745499184489
Influenza_forecast_model,2022-11-26,118.45673076923076,16.010576923076922,100.19230769230771,2.2538461538461534,-0.22999999999999998,-0.6774038461538462,176.875,0.2259615384615385,0.6490384615384615,0.5211920183153783,47.88079816846217,0.4788079816846217
Influenza_forecast_model,2022-12-03,153.05427884615384,24.723509615384614,126.12884615384615,2.201923076923078,-0.20211538461538464,-0.6538461538461539,236.77884615384613,0.25,0.6923076923076922,0.4459205623066937,55.40794376933063,0.5540794376933063
Influenza_forecast_model,2022-12-10,113.52004807692308,34.94408653846154,55.41153846153847,23.164423076923082,-0.11076923076923079,-0.14759615384615377,187.27403846153842,0.33653846153846145,0.8365384615384615,0.4740694109787054,52.593058902129464,0.5259305890212946
Influenza_forecast_model,2022-12-17,126.58177884615384,44.79427884615385,23.338461538461544,58.44903846153846,-0.09057692307692307,0.23221153846153855,216.1971153846154,0.3461538461538462,0.875,0.7059385215613884,29.406147843861163,0.29406147843861163
Influenza_forecast_model,2022-12-24,138.93596153846156,52.634038461538466,7.200961538461548,79.10096153846155,-0.07134615384615382,0.42884615384615377,238.25,0.375,0.8942307692307693,0.9810193827896126,1.8980617210387352,0.01898061721038735
Influenza_forecast_model,2022-12-31,110.90447115384616,49.68716346153846,4.397115384615386,56.82019230769231,0.02192307692307694,0.2995192307692307,186.78846153846158,0.5384615384615385,0.9615384615384616,0.9687809988216824,3.121900117831755,0.03121900117831755
Influenza_forecast_model,2023-01-07,80.21105769230769,36.28605769230769,1.3653846153846165,42.559615384615384,-0.020384615384615362,0.5956730769230769,138.44230769230774,0.44230769230769235,0.951923076923077,0.5661473315830369,43.385266841696314,0.4338526684169631
Influenza_forecast_model,2023-01-14,91.63764423076923,27.14533653846154,0.04519230769230779,64.44711538461539,-0.27999999999999997,0.9197115384615384,158.18269230769226,0.07211538461538464,0.6778846153846154,0.44331633476324317,55.66836652367569,0.5566836652367568
Influenza_forecast_model,2023-01-21,73.40697115384616,19.832932692307693,0.05096153846153844,53.52307692307692,-0.29153846153846147,0.8711538461538462,122.53365384615387,0.125,0.5961538461538461,0.3525102198852466,64.74897801147534,0.6474897801147534
Influenza_forecast_model,2023-01-28,51.03673076923077,14.014615384615384,0.08173076923076926,36.940384615384616,-0.21557692307692308,0.7709134615384615,84.41826923076923,0.2259615384615385,0.6826923076923077,0.29903118475146795,70.0968815248532,0.700968815248532
Influenza_forecast_model,2023-02-04,30.10096153846154,9.427884615384615,0.24903846153846165,20.424038461538462,-0.1588461538461538,0.646875,50.02884615384615,0.2836538461538461,0.7596153846153845,0.24879686080575544,75.12031391942445,0.7512031391942445
Influenza_forecast_model,2023-02-11,13.703125,6.110817307692308,0.33749999999999997,7.2548076923076925,-0.044423076923076954,0.5569711538461538,22.84615384615385,0.4038461538461538,0.9278846153846154,0.22072380233330433,77.92761976666957,0.7792761976666956
Influenza_forecast_model,2023-02-18,9.937932692307692,5.009086538461538,0.2124999999999999,4.716346153846154,-0.001153846153846117,0.5586538461538462,16.317307692307697,0.485576923076923,0.9375,0.36961237054645085,63.03876294535491,0.6303876294535491
Influenza_forecast_model,2023-02-25,8.932211538461537,4.4870192307692305,0.07980769230769234,4.365384615384616,0.028653846153846186,0.5540865384615384,14.735576923076922,0.5288461538461537,0.9567307692307693,0.5325827540319977,46.741724596800225,0.46741724596800227
Influenza_forecast_model,2023-03-04,9.027451923076923,4.219759615384615,0.21346153846153845,4.594230769230769,0.010384615384615452,0.5778846153846154,15.423076923076922,0.4711538461538462,0.9807692307692307,0.6901685025483038,30.983149745169626,0.30983149745169625
Influenza_forecast_model,2023-03-11,8.896778846153845,4.034278846153846,0.1826923076923075,4.679807692307692,-0.01076923076923075,0.5396634615384616,15.149038461538463,0.423076923076923,0.9855769230769231,0.7877148787091497,21.228512129085033,0.2122851212908503
Influenza_forecast_model,2023-03-18,7.294903846153846,3.7324038461538462,0.2692307692307693,3.2932692307692313,0.03923076923076923,0.41995192307692314,11.975961538461537,0.5288461538461539,0.9951923076923077,0.7271115067121198,27.28884932878802,0.27288849328788023
Influenza_forecast_model,2023-03-25,7.112548076923077,3.4808173076923077,0.29711538461538456,3.3346153846153848,0.03057692307692312,0.4444711538461538,12.014423076923078,0.5288461538461539,0.9759615384615385,0.751400908669838,24.8599091330162,0.248599091330162
Influenza_forecast_model,2023-04-01,6.582740384615384,3.2240865384615383,0.38942307692307704,2.96923076923077,0.033461538461538494,0.3624999999999999,10.754807692307693,0.548076923076923,0.9615384615384615,0.701732796828951,29.826720317104904,0.29826720317104904
Influenza_forecast_model,2023-04-08,5.911826923076923,3.011826923076923,0.22692307692307684,2.6730769230769234,0.07000000000000005,0.3850961538461538,9.375,0.6057692307692307,0.9711538461538461,0.6465398095384816,35.346019046151845,0.35346019046151844
Influenza_forecast_model,2023-04-15,5.908942307692308,2.842596153846154,0.23076923076923087,2.835576923076923,0.056538461538461544,0.4473557692307693,10.03365384615385,0.5625,0.9807692307692307,0.6449906701044699,35.500932989553014,0.35500932989553013
Influenza_forecast_model,2023-04-22,4.862067307692308,2.545721153846154,0.19903846153846155,2.117307692307693,0.045000000000000026,0.47692307692307684,7.802884615384617,0.5625,0.9567307692307693,0.564070515410509,43.592948458949095,0.435929484589491
Influenza_forecast_model,2023-04-29,4.2059134615384615,2.2453365384615385,0.2769230769230769,1.6836538461538462,0.05461538461538463,0.35673076923076924,6.600961538461538,0.576923076923077,0.9615384615384615,0.49989396206143416,50.010603793856575,0.5001060379385658
Influenza_forecast_model,2023-05-06,3.6357692307692306,2.171666666666667,0.423076923076923,1.0410256410256409,0.09179487179487186,0.2009615384615385,5.397435897435898,0.6346153846153844,1,0.4086032767453845,59.139672325461554,0.5913967232546156
Influenza_forecast_model,2023-05-13,3.06875,2.0399038461538463,0.7153846153846154,0.31346153846153846,0.16615384615384618,-0.045192307692307754,4.201923076923077,0.7884615384615384,1,0.3387349870782516,66.12650129217484,0.6612650129217483
Influenza_forecast_model,2023-05-20,3.099423076923077,1.8955769230769233,0.9423076923076923,0.26153846153846155,0.16615384615384618,-0.07500000000000004,4.711538461538462,0.8076923076923077,1,0.3229157968022255,67.70842031977745,0.6770842031977745
Influenza_forecast_model,2023-09-16,2.4725,1.1340384615384616,0.7115384615384615,0.6269230769230769,0.03923076923076926,0.048076923076923066,3.9615384615384617,0.5384615384615384,0.9615384615384616,0.5263357781647646,47.36642218352354,0.4736642218352354
Influenza_forecast_model,2023-09-23,2.9659615384615385,1.331346153846154,1.1692307692307693,0.46538461538461573,0.0680769230769231,-0.2480769230769231,4.865384615384616,0.5961538461538461,0.9423076923076923,0.5169416754359113,48.30583245640887,0.4830583245640887
Influenza_forecast_model,2023-09-30,2.9747435897435897,1.6657692307692307,1.0179487179487179,0.2910256410256411,0.12512820512820516,-0.27371794871794863,4.519230769230767,0.6987179487179486,0.9935897435897436,0.4790466987406079,52.09533012593921,0.5209533012593921
Influenza_forecast_model,2023-10-07,4.056682692307692,2.0787980769230767,0.914423076923077,1.0634615384615385,0.0671153846153847,-0.0064903846153846634,6.649038461538465,0.6009615384615385,0.9615384615384615,0.5837702502416683,41.62297497583317,0.4162297497583317
Influenza_forecast_model,2023-10-14,4.027836538461538,2.4191826923076922,0.49711538461538457,1.1115384615384618,0.09019230769230768,0.1406249999999999,5.725961538461539,0.625,0.9951923076923077,0.5874185348513059,41.25814651486941,0.4125814651486941
Influenza_forecast_model,2023-10-21,5.148365384615385,2.844519230769231,0.8692307692307697,1.4346153846153846,0.0786538461538461,0.15721153846153837,7.519230769230767,0.6346153846153844,0.971153846153846,0.632455294317095,36.7544705682905,0.367544705682905
Influenza_forecast_model,2023-10-28,6.19326923076923,3.333653846153846,0.5298076923076924,2.329807692307692,0.07576923076923078,0.3572115384615386,9.125,0.6057692307692307,0.971153846153846,0.6983303644573732,30.166963554262683,0.3016696355426268
Influenza_forecast_model,2023-11-04,6.605,3.894423076923077,0.606730769230769,2.1038461538461544,0.07096153846153858,0.27932692307692336,9.274038461538465,0.605769230769231,0.9903846153846154,0.6361912403680642,36.38087596319358,0.3638087596319358
Influenza_forecast_model,2023-11-11,8.318221153846155,4.674951923076923,2.2509615384615427,1.3923076923076922,0.0892307692307693,0.03125000000000001,12.139423076923071,0.6586538461538461,0.9951923076923077,0.5540833041727742,44.59166958272258,0.4459166958272258
Influenza_forecast_model,2023-11-18,12.737259615384616,5.7786057692307695,4.031730769230771,2.926923076923076,0.027692307692307735,0.005528846153845917,21.177884615384606,0.5240384615384615,0.9807692307692307,0.5898280600691024,41.01719399308976,0.4101719399308976
Influenza_forecast_model,2023-11-25,14.071634615384616,7.129326923076923,3.9644230769230755,2.977884615384615,0.03730769230769229,0.014663461538461578,22.576923076923073,0.5528846153846154,0.9711538461538461,0.5361112591070348,46.388874089296515,0.46388874089296517
Influenza_forecast_model,2023-12-02,19.149471153846154,8.894663461538462,6.748076923076924,3.5067307692307694,0.030576923076923106,-0.2524038461538459,33.1875,0.5240384615384615,0.9951923076923077,0.49707204236129,50.292795763871,0.50292795763871
Influenza_forecast_model,2023-12-09,23.972115384615385,10.385576923076924,9.90576923076923,3.6807692307692292,0.0017307692307691853,-0.3180288461538462,42.66346153846153,0.49519230769230765,0.951923076923077,0.4933762074458929,50.662379255410706,0.50662379255410706
Influenza_forecast_model,2023-12-16,36.388173076923074,11.224711538461538,23.541346153846153,1.622115384615385,-0.06557692307692305,-0.5959134615384615,64.3076923076923,0.4038461538461538,0.8798076923076922,0.49371173729514983,50.628826270485014,0.5062882627048502
Influenza_forecast_model,2023-12-23,80.03725961538461,12.415144230769231,66.94711538461539,0.6750000000000005,-0.2636538461538461,-0.7927884615384615,137.28365384615387,0.11057692307692302,0.6778846153846155,0.5678879954890533,43.21120045109467,0.43211200451094667
Influenza_forecast_model,2023-12-30,136.47423076923076,14.322307692307692,121.9,0.2519230769230766,-0.3453846153846154,-0.8711538461538462,214.15384615384613,0.08653846153846151,0.5,0.6302547052648583,36.974529473514174,0.3697452947351417
Influenza_forecast_model,2024-01-06,92.89591346153847,15.459375000000001,76.80673076923077,0.6298076923076922,-0.21076923076923074,-0.7598557692307693,155.6153846153846,0.23557692307692304,0.6826923076923077,0.6953840247680716,30.46159752319284,0.3046159752319284
Influenza_forecast_model,2024-01-13,56.073942307692306,15.137403846153846,40.03173076923077,0.9048076923076919,-0.07999999999999999,-0.6478365384615384,96.1153846153846,0.3798076923076922,0.8653846153846154,0.7659111237883802,23.408887621161977,0.23408887621161978
Influenza_forecast_model,2024-01-20,38.790913461538466,13.980336538461538,23.785576923076924,1.025,0.005576923076923073,-0.5072115384615385,70.46634615384613,0.514423076923077,0.9471153846153846,0.5342612928394083,46.573870716059176,0.46573870716059174
Influenza_forecast_model,2024-01-27,43.51514423076923,12.57764423076923,30.760576923076925,0.17692307692307715,-0.012692307692307671,-0.6802884615384615,77.07211538461539,0.4663461538461539,0.9471153846153846,0.5496476288142902,45.03523711857098,0.4503523711857098
Influenza_forecast_model,2024-02-03,41.32052884615385,11.748413461538462,28.456730769230766,1.1153846153846165,-0.02326923076923081,-0.5209134615384614,69.76442307692307,0.45192307692307704,0.9375,0.475207277176825,52.4792722823175,0.524792722823175
Influenza_forecast_model,2024-02-10,42.07802884615384,11.700144230769231,27.955769230769235,2.422115384615387,-0.032884615384615366,-0.44014423076923076,70.73557692307693,0.45673076923076916,0.9038461538461537,0.6080063448684111,39.19936551315889,0.3919936551315889
Influenza_forecast_model,2024-02-17,38.00692307692308,12.134807692307692,23.32980769230769,2.542307692307691,-0.007884615384615391,-0.39399038461538444,64.63942307692307,0.5048076923076922,0.9230769230769229,0.7535919505893822,24.640804941061777,0.24640804941061778
Influenza_forecast_model,2024-02-24,36.92831730769231,12.673509615384615,19.967307692307685,4.287500000000001,0.012307692307692315,-0.24831730769230767,62.225961538461554,0.5192307692307693,0.9567307692307693,0.7898690096114567,21.01309903885433,0.21013099038854333
Influenza_forecast_model,2024-03-02,33.29653846153846,12.964807692307692,16.793269230769226,3.5384615384615383,0.05461538461538463,-0.2752403846153846,58.37980769230768,0.5961538461538461,0.9855769230769231,0.790947127608003,20.905287239199698,0.209052872391997
Influenza_forecast_model,2024-03-09,26.48442307692308,13.674807692307692,5.847115384615383,6.9624999999999995,0.08153846153846159,0.0675480769230769,43.1826923076923,0.6490384615384615,1,0.7812237689372149,21.87762310627851,0.2187762310627851
Influenza_forecast_model,2024-03-16,27.157740384615384,13.649086538461539,0.7442307692307691,12.764423076923077,0.07096153846153846,0.3353365384615384,45.54326923076922,0.610576923076923,1,0.661496624170776,33.85033758292239,0.33850337582922396
Influenza_forecast_model,2024-03-23,30.315096153846156,12.759326923076923,0.43557692307692336,17.120192307692307,0.008461538461538467,0.5733173076923077,53.509615384615394,0.49519230769230776,0.9711538461538461,0.5957151290940379,40.42848709059621,0.4042848709059621
Influenza_forecast_model,2024-03-30,24.001346153846153,11.266730769230769,0.35480769230769227,12.379807692307693,0.04788461538461541,0.4939903846153846,40.884615384615394,0.576923076923077,0.9759615384615385,0.5341043888046456,46.58956111953544,0.4658956111953544
Influenza_forecast_model,2024-04-06,17.749951923076924,9.267259615384615,0.7855769230769228,7.697115384615384,0.06134615384615384,0.3867788461538461,28.980769230769234,0.6153846153846155,0.9759615384615385,0.47087104211144276,52.91289578885572,0.5291289578885572
Influenza_forecast_model,2024-04-13,15.133413461538462,7.605528846153846,0.38365384615384607,7.144230769230769,-0.0021153846153846136,0.5194711538461537,24.533653846153847,0.5288461538461539,0.8990384615384615,0.44310587966105,55.689412033895,0.55689412033895
Influenza_forecast_model,2024-04-20,15.066971153846154,6.294855769230769,0.08173076923076929,8.690384615384616,-0.024230769230769177,0.6487980769230769,26.014423076923073,0.4326923076923078,0.9375,0.45210677886259526,54.78932211374048,0.5478932211374048
Influenza_forecast_model,2024-04-27,14.034086538461539,5.307163461538462,0.44423076923076854,8.282692307692308,-0.04730769230769231,0.5567307692307693,24.144230769230766,0.3798076923076923,0.9375,0.45909809525379847,54.09019047462016,0.5409019047462016
RSV_forecast_model,2022-09-17,4.4725,1.0058333333333334,3.3666666666666667,0.1,-0.029999999999999985,-0.4833333333333333,8,0.41666666666666663,0.9166666666666666,0.7331796531040894,26.68203468959106,0.2668203468959106
RSV_forecast_model,2022-09-24,4.608333333333333,1.35,3.1333333333333333,0.125,-0.07999999999999999,-0.7458333333333333,8.375,0.375,0.875,0.7869297312068253,21.30702687931747,0.2130702687931747
RSV_forecast_model,2022-10-01,5.922777777777778,1.633888888888889,4.166666666666667,0.12222222222222223,-0.06888888888888887,-0.5402777777777777,9.833333333333332,0.38888888888888895,0.8611111111111112,0.7515830017296659,24.841699827033416,0.24841699827033414
RSV_forecast_model,2022-10-08,8.810625,2.002291666666667,6.695833333333334,0.11250000000000006,-0.10499999999999998,-0.7124999999999999,14.208333333333334,0.3125,0.8541666666666667,0.7458287561433613,25.417124385663868,0.2541712438566387
RSV_forecast_model,2022-10-15,18.705625,2.6097916666666667,15.904166666666667,0.19166666666666676,-0.23833333333333334,-0.8239583333333333,29.145833333333332,0.125,0.7291666666666667,0.6606863548024211,33.93136451975789,0.3393136451975789
RSV_forecast_model,2022-10-22,17.912708333333335,3.504375,13.320833333333333,1.0875000000000004,-0.16749999999999995,-0.6552083333333333,30.125,0.20833333333333331,0.8125,0.5464980764319514,45.35019235680486,0.45350192356804864
RSV_forecast_model,2022-10-29,20.970208333333336,4.686875,14.7375,1.5458333333333327,-0.10083333333333332,-0.5927083333333333,37.08333333333333,0.29166666666666663,0.8958333333333334,0.4986409991425565,50.13590008574435,0.5013590008574436
RSV_forecast_model,2022-11-05,24.232916666666668,6.32875,16.066666666666666,1.8375000000000006,-0.12999999999999995,-0.4854166666666667,42.22916666666667,0.29166666666666663,0.8333333333333333,0.46500270509532204,53.49972949046779,0.534997294904678
RSV_forecast_model,2022-11-12,26.17083333333333,8.320833333333333,13.995833333333334,3.854166666666667,-0.04249999999999998,-0.19999999999999996,44.875,0.39583333333333337,0.9375,0.48182615358972614,51.81738464102739,0.5181738464102739
RSV_forecast_model,2022-11-19,23.241458333333334,9.9747916666666665,5.945833333333334,7.320833333333333,-0.054999999999999986,0.20104166666666667,41.25,0.375,0.9375,0.6234177987592382,37.65822012407618,0.3765822012407618
RSV_forecast_model,2022-11-26,28.803541666666668,11.491041666666668,2.4625000000000004,14.850000000000001,-0.08833333333333335,0.46979166666666666,50.8125,0.3125,0.9166666666666666,0.9031797672640102,9.682023273598983,0.09682023273598983
RSV_forecast_model,2022-12-03,24.92625,12.234583333333333,1.0708333333333335,11.620833333333334,0.0075000000000000205,0.44791666666666663,42.125,0.45833333333333337,1,1.0154809677554457,-1.5480967755445718,-0.015480967755445718
RSV_forecast_model,2022-12-10,28.733124999999998,11.887291666666666,0.2416666666666667,16.604166666666668,-0.038333333333333296,0.6677083333333333,50.354166666666664,0.35416666666666663,1,1.0995254604389768,-9.95254604389768,-0.09952546043897681
RSV_forecast_model,2022-12-17,27.55666666666667,10.356666666666667,0,17.2,-0.15499999999999997,0.8885416666666667,48.95833333333333,0.14583333333333331,0.9166666666666667,0.8753274636461892,12.46725363538108,0.12467253635381081
RSV_forecast_model,2022-12-24,27.617291666666667,8.725625,0,18.891666666666666,-0.23,0.9312499999999999,48.75,0.0625,0.8125,0.751684793281599,24.831520671840103,0.24831520671840102
RSV_forecast_model,2022-12-31,19.325833333333332,7.088333333333334,0.125,12.1125,-0.10499999999999998,0.6510416666666666,33.39583333333333,0.3125,0.875,0.6927162195428982,30.72837804571018,0.3072837804571018
RSV_forecast_model,2023-01-07,11.039375,5.072708333333334,0.25833333333333325,5.708333333333333,0.01583333333333334,0.5385416666666667,18.625,0.47916666666666663,1,0.5050495887066538,49.495041129334616,0.49495041129334616
RSV_forecast_model,2023-01-14,7.32625,3.7012500000000004,0.14583333333333331,3.4791666666666665,0.04500000000000003,0.5739583333333333,12.291666666666668,0.5625,1,0.44789156041959627,55.21084395804037,0.5521084395804037
RSV_forecast_model,2023-01-21,6.116875,2.783541666666667,0.21249999999999997,3.120833333333333,-8.33333333333304e-4,0.528125,10.375,0.4583333333333333,0.9791666666666666,0.4456465427810737,55.43534572189264,0.5543534572189264
RSV_forecast_model,2023-01-28,3.9406250000000003,2.290625,0.18750000000000006,1.4625,0.1116666666666667,0.48750000000000004,6.125,0.7083333333333334,1,0.43985302637489126,56.01469736251088,0.5601469736251088
RSV_forecast_model,2023-02-04,4.069375,1.8777083333333333,0.06250000000000001,2.129166666666667,0.03250000000000002,0.5812499999999999,7.083333333333334,0.5208333333333333,0.9791666666666666,0.4347455191638798,56.52544808361202,0.5652544808361202
RSV_forecast_model,2023-02-11,2.529166666666667,1.5166666666666666,0.20833333333333331,0.8041666666666667,0.11583333333333337,0.34270833333333334,3.8125,0.6875,1,0.4003831534320709,59.961684656792904,0.599616846567929
RSV_forecast_model,2023-02-18,2.690208333333333,1.2777083333333334,0.6833333333333333,0.7291666666666669,0.07416666666666667,0.02604166666666659,4.520833333333333,0.625,0.9791666666666666,0.5625931954745198,43.74068045254802,0.4374068045254802
RSV_forecast_model,2023-02-25,2.092083333333333,1.1170833333333334,0.1416666666666667,0.8333333333333334,0.07416666666666673,0.5072916666666667,3.416666666666667,0.6041666666666666,1,0.4758562723059831,52.41437276940169,0.5241437276940168
RSV_forecast_model,2023-03-04,1.8731250000000002,0.9689583333333334,0.2916666666666667,0.6124999999999999,0.12416666666666668,0.10104166666666661,3.1458333333333335,0.6875,1,0.453400601963929,54.6599398036071,0.546599398036071
RSV_forecast_model,2023-03-11,1.763125,0.8839583333333334,0.32083333333333336,0.5583333333333333,0.0866666666666667,0.1999999999999999,2.979166666666667,0.625,1,0.4973766481966034,50.26233518033967,0.5026233518033967
RSV_forecast_model,2023-03-18,1.746875,0.7927083333333333,0.5749999999999998,0.37916666666666665,0.09916666666666668,-0.010416666666666675,3.0208333333333335,0.625,1,0.5369111132029872,46.308888679701276,0.46308888679701277
RSV_forecast_model,2023-03-25,1.0810416666666667,0.6852083333333334,0.12083333333333333,0.27499999999999997,0.18250000000000005,0.1614583333333333,1.6875,0.8541666666666667,1,0.3617988947934274,63.82011052065726,0.6382011052065726
RSV_forecast_model,2023-04-01,1.0791666666666666,0.65,0.08333333333333333,0.3458333333333333,0.19083333333333338,0.18958333333333335,1.6458333333333333,0.8333333333333333,1,0.3840175467894328,61.59824532105672,0.6159824532105672
RSV_forecast_model,2023-04-08,0.998125,0.5897916666666667,0.07500000000000001,0.33333333333333337,0.19083333333333335,0.20104166666666662,1.4583333333333333,0.7708333333333333,1,0.3745739543094893,62.54260456905107,0.6254260456905107
RSV_forecast_model,2023-04-15,1.0141666666666667,0.5183333333333333,0.11250000000000003,0.3833333333333334,0.09916666666666668,0.2479166666666666,1.6458333333333333,0.625,1,0.39075104975556213,60.924895024443785,0.6092489502444378
RSV_forecast_model,2023-04-22,1.0672916666666667,0.42562500000000003,0.2749999999999999,0.3666666666666668,0.12833333333333335,0.07500000000000014,1.8333333333333335,0.6458333333333333,0.9791666666666666,0.4296273969285692,57.03726030714308,0.5703726030714308
RSV_forecast_model,2023-04-29,0.7214583333333333,0.37145833333333333,0.02916666666666666,0.32083333333333336,0.16583333333333336,0.3291666666666666,1.0833333333333335,0.7083333333333333,1,0.3289332083230487,67.10667916769512,0.6710667916769513
RSV_forecast_model,2023-05-06,0.5847222222222223,0.3402777777777778,0.12222222222222223,0.12222222222222222,0.20333333333333337,-0.08750000000000005,0.9444444444444444,0.8611111111111112,1,0.2736191453862815,72.63808546137184,0.7263808546137185
RSV_forecast_model,2023-05-13,0.6929166666666667,0.30125,0.175,0.21666666666666667,0.17000000000000004,0.07916666666666669,1.2916666666666665,0.75,1,0.3075902755245136,69.24097244754863,0.6924097244754863
RSV_forecast_model,2023-05-20,0.7516666666666667,0.28500000000000003,0.25,0.21666666666666667,0.1366666666666667,0.20833333333333331,1.3333333333333335,0.6666666666666666,1,0.32373003498069275,67.62699650193072,0.6762699650193073
RSV_forecast_model,2023-09-16,1.4483333333333335,0.6316666666666666,0.6500000000000001,0.16666666666666669,0.15333333333333335,-0.07499999999999997,2.583333333333333,0.6666666666666666,1,0.6220798906459379,37.7920109354062,0.37792010935406206
RSV_forecast_model,2023-09-23,2.15625,0.78125,1.3083333333333333,0.06666666666666668,0.15333333333333335,-0.2791666666666666,4.208333333333334,0.75,1,0.5332276499977784,46.67723500022216,0.4667723500022216
RSV_forecast_model,2023-09-30,2.457222222222222,0.9905555555555556,1.3166666666666667,0.15,0.12000000000000005,-0.10277777777777772,4.666666666666666,0.6666666666666667,1,0.4830831608385587,51.691683916144136,0.5169168391614414
RSV_forecast_model,2023-10-07,3.538125,1.263125,2.1416666666666666,0.13333333333333336,0.04083333333333339,-0.4895833333333334,5.958333333333334,0.5,0.9166666666666667,0.70615581653179,29.384418346820993,0.29384418346820995
RSV_forecast_model,2023-10-14,5.0095833333333335,1.5970833333333334,3.2583333333333333,0.15416666666666665,-0.08000000000000002,-0.5260416666666666,8.1875,0.3125,0.9166666666666667,0.6825206023789293,31.74793976210707,0.3174793976210707
RSV_forecast_model,2023-10-21,5.9925,2.08,3.3249999999999997,0.5874999999999999,-0.09666666666666666,-0.3625,10.104166666666666,0.33333333333333337,0.875,0.7502589561300996,24.974104386990035,0.24974104386990037
RSV_forecast_model,2023-10-28,5.46125,2.5612500000000002,1.9458333333333335,0.9541666666666666,0.032500000000000015,-0.3093749999999999,9.458333333333334,0.5416666666666667,0.9791666666666666,0.8485373827693686,15.146261723063137,0.15146261723063137
RSV_forecast_model,2023-11-04,6.5652083333333335,3.1610416666666663,2,1.4041666666666666,0.028333333333333346,-0.4322916666666667,11.895833333333334,0.5208333333333333,1,0.7805796675550716,21.94203324449284,0.21942033244492842
RSV_forecast_model,2023-11-11,9.604583333333332,3.73375,4.745833333333334,1.125,-0.0383333333333333,-0.5875,17.8125,0.35416666666666663,0.9791666666666666,0.6833403469704771,31.665965302952294,0.3166596530295229
RSV_forecast_model,2023-11-18,10.159583333333334,4.209583333333334,4.508333333333334,1.441666666666667,-0.009166666666666667,-0.49166666666666664,19.333333333333332,0.41666666666666663,1,0.5800792038212521,41.992079617874786,0.4199207961787479
RSV_forecast_model,2023-11-25,11.351875,4.731041666666667,4.2,2.420833333333333,-0.004999999999999994,-0.34270833333333334,20.229166666666664,0.45833333333333337,0.9791666666666666,0.661209239803161,33.87907601968389,0.33879076019683896
RSV_forecast_model,2023-12-02,12.574375000000002,5.4660416666666665,6.0458333333333325,1.0625000000000002,0.053333333333333365,-0.4208333333333333,22.708333333333332,0.5833333333333333,1,0.5381570332125288,46.18429667874712,0.46184296678747117
RSV_forecast_model,2023-12-09,9.987708333333334,6.229375,2.5458333333333334,1.2125000000000001,0.1366666666666667,-0.26249999999999996,15.75,0.75,1,0.5486805190777486,45.13194809222514,0.4513194809222514
RSV_forecast_model,2023-12-16,11.919166666666667,6.548333333333333,3.970833333333333,1.4,0.0825,-0.18750000000000003,19.6875,0.625,1,0.7381578622426154,26.184213775738463,0.26184213775738463
RSV_forecast_model,2023-12-23,13.682291666666668,6.553125,5.95,1.1791666666666665,0.057500000000000016,-0.28541666666666665,23.3125,0.5833333333333334,1,0.7546790762818846,24.532092371811544,0.24532092371811542
RSV_forecast_model,2023-12-30,13.735208333333333,6.6310416666666665,6.691666666666666,0.4125000000000001,0.06999999999999999,-0.44375000000000003,22.145833333333336,0.6666666666666667,0.9583333333333333,0.8409960079618867,15.900399203811332,0.15900399203811333
RSV_forecast_model,2024-01-06,11.072083333333333,6.309583333333333,4.237500000000001,0.5249999999999999,0.12833333333333335,-0.3416666666666666,16.770833333333332,0.75,1,1.061121402512251,-6.112140251225107,-0.061121402512251066
RSV_forecast_model,2024-01-13,8.488125,5.754791666666667,0.9874999999999997,1.7458333333333333,0.14083333333333334,0.2145833333333332,11.333333333333332,0.7916666666666666,1,0.5197417347594562,48.02582652405438,0.4802582652405438
RSV_forecast_model,2024-01-20,7.183958333333334,5.017291666666667,0.6291666666666668,1.5374999999999999,0.17833333333333337,0.2041666666666667,9.25,0.875,1,0.32218584632373065,67.78141536762693,0.6778141536762694
RSV_forecast_model,2024-01-27,6.1154166666666665,4.2404166666666665,0.7124999999999999,1.1625,0.18666666666666668,0.07916666666666672,8.958333333333332,0.9166666666666667,1,0.26985741596155804,73.0142584038442,0.7301425840384419
RSV_forecast_model,2024-02-03,5.146041666666667,3.5377083333333332,0.6749999999999999,0.9333333333333333,0.17,0.05833333333333328,7.125,0.875,1,0.24180984704915912,75.81901529508409,0.7581901529508409
RSV_forecast_model,2024-02-10,4.495,2.97,0.9874999999999999,0.5375,0.17,-0.011458333333333303,7.166666666666667,0.8541666666666667,1,0.30008898937247575,69.99110106275242,0.6999110106275243
RSV_forecast_model,2024-02-17,4.2647916666666665,2.6147916666666666,1.0041666666666667,0.6458333333333331,0.15333333333333335,-0.009375000000000008,6.791666666666666,0.8125,1,0.4265937921984525,57.34062078015475,0.5734062078015475
RSV_forecast_model,2024-02-24,4.4,2.316666666666667,1.2041666666666666,0.8791666666666667,0.09500000000000003,0.060416666666666605,7.75,0.6666666666666667,1,0.5213295412670098,47.86704587329902,0.4786704587329902
RSV_forecast_model,2024-03-02,3.185208333333333,2.089375,0.3333333333333334,0.7625,0.18666666666666668,0.3291666666666667,4.604166666666666,0.875,1,0.36068665875236366,63.93133412476364,0.6393133412476364
RSV_forecast_model,2024-03-09,3.0620833333333333,1.8829166666666666,0.2875,0.8916666666666668,0.13666666666666674,0.21354166666666666,4.354166666666668,0.7708333333333334,1,0.37331168091367667,62.66883190863233,0.6266883190863233
RSV_forecast_model,2024-03-16,2.4691666666666667,1.6483333333333334,0.13749999999999998,0.6833333333333333,0.17000000000000004,0.3229166666666667,3.1875,0.7916666666666667,1,0.3474625719722858,65.25374280277141,0.6525374280277142
RSV_forecast_model,2024-03-23,3.1033333333333335,1.4200000000000002,0.7250000000000002,0.9583333333333333,0.06166666666666669,0.225,5.375,0.625,0.9583333333333333,0.4229140028895136,57.70859971104865,0.5770859971104865
RSV_forecast_model,2024-03-30,2.551875,1.201875,0.3708333333333332,0.9791666666666666,0.00750000000000003,0.4645833333333333,4.291666666666667,0.41666666666666663,1,0.47837188310400786,52.162811689599224,0.5216281168959922
RSV_forecast_model,2024-04-06,2.0047916666666667,1.0339583333333333,0.11666666666666667,0.8541666666666666,0.08666666666666668,0.4552083333333333,3.3958333333333335,0.6458333333333333,1,0.39971605345584726,60.02839465441527,0.6002839465441527
RSV_forecast_model,2024-04-13,1.5279166666666666,0.87375,0.1375,0.5166666666666667,0.14500000000000005,0.1927083333333333,2.520833333333333,0.7708333333333334,1,0.34220301310727347,65.77969868927265,0.6577969868927265
RSV_forecast_model,2024-04-20,1.4641666666666666,0.7183333333333334,0.12916666666666662,0.6166666666666667,0.10750000000000004,0.375,2.5625,0.6666666666666667,1,0.35893676483530945,64.10632351646906,0.6410632351646905
RSV_forecast_model,2024-04-27,1.221875,0.5677083333333334,0.1958333333333333,0.4583333333333333,0.12833333333333335,0.14479166666666665,2.1458333333333335,0.6458333333333333,1,0.3604832951505158,63.95167048494842,0.6395167048494842
