model,horizon,interval_score,dispersion,underprediction,overprediction,coverage_deviation,bias,ae_median,coverage_50,coverage_95,relative_skill,scaled_rel_skill,cov_50,cov_95,wis,mae,rel_wis
CADPH-FluCAT_Ensemble,0,80.50821355982347,21.722362997040644,23.59486430741735,35.190986255365466,-0.11192546583850929,-0.14785714285714285,95.48312292120085,0.42857142857142855,0.6428571428571429,0.8944798927470624,0.9847450700100047,42.86,64.29,80.51,95.48,0.98
CADPH-FluCAT_Ensemble,1,167.98921873041238,42.575325194630715,50.48033275889944,74.93356077688222,-0.1146859903381642,-0.2907407407407408,207.85727032353276,0.3703703703703704,0.7037037037037037,1.1596132995669481,1.181455985286833,37.04,70.37,167.99,207.86,1.18
CADPH-FluCAT_Ensemble,2,238.6521907633211,61.08471393928311,80.13106647764849,97.43641034638952,-0.14045088566827693,-0.30481481481481476,286.95743055549,0.3333333333333333,0.7037037037037037,1.2357611363554024,1.216742398835983,33.33,70.37,238.65,286.96,1.22
CADPH-FluCAT_Ensemble,3,320.57391766078104,82.73226987045959,113.29666994234128,124.54497784798022,-0.15779264214046818,-0.27423076923076933,384.799717995844,0.3461538461538461,0.6153846153846155,1.277551262848415,1.253340400452323,34.62,61.54,320.57,384.8,1.25
CMU-TimeSeries,0,21.636447535589394,10.233990368974364,6.527079904478783,4.875377262136259,-0.010101757631822425,-0.09058510638297788,34.08510495108687,0.47416413373860195,0.952127659574468,0.8041838038388718,0.8853368785967295,47.42,95.21,21.64,34.09,0.89
CMU-TimeSeries,1,39.25250256144604,17.25407136736574,12.841135565353943,9.157295628726311,-0.02242956659002776,-0.12707971586424685,62.88643089743388,0.45303867403314807,0.9463299131807424,0.9325686188382104,0.9501346499117737,45.3,94.63,39.25,62.89,0.95
CMU-TimeSeries,2,54.916583433180826,23.191809134382826,21.4660502893512,10.258724009446762,-0.034247436676074564,-0.16452752670501172,86.50543531460026,0.43549712407559565,0.9260476581758428,0.9656152216170255,0.9507541114037257,43.55,92.6,54.92,86.51,0.95
CMU-TimeSeries,3,66.92482115553278,25.100473532522425,33.031446015572165,8.792901607438289,-0.057829803047194484,-0.23574358974358967,103.39942575997468,0.43333333333333185,0.88888888888889,0.9537242253584579,0.9356502062130416,43.33,88.89,66.92,103.4,0.94
CU-ensemble,0,23.353346373056496,8.788219010453254,7.114132178509776,7.450995184093489,-0.015926257176654097,-0.02540809555408081,34.855866622428664,0.5129396151293952,0.88586595885866,0.838665003358615,0.9232976997514877,51.29,88.59,23.35,34.86,0.92
CU-ensemble,1,37.081323824088585,10.422474894047753,13.22578162926204,13.433067300778713,-0.058099506947557375,-0.0259518900343641,54.342305841924386,0.46460481099656487,0.8364261168384898,0.8593352899449735,0.8755218847980024,46.46,83.64,37.08,54.34,0.88
CU-ensemble,2,49.49261526344369,11.841251613236082,19.118699804766155,18.53266384544145,-0.09447395332982168,-0.045844618674269304,71.16227084818247,0.4141126158232336,0.8047042052744096,0.864243330767194,0.8509423646037437,41.41,80.47,49.49,71.16,0.85
CU-ensemble,3,60.77435215051231,13.049733344101721,24.99505447202063,22.729564334390176,-0.12209506645640884,-0.0604515173945227,86.17832198371576,0.36787564766839176,0.7742413027387112,0.872511589642924,0.855976630420433,36.79,77.42,60.77,86.18,0.86
FluSight-baseline,0,25.520692999800207,3.275702483829445,11.847040797415206,10.397949718555479,-0.14079282190358045,-0.014306569343064679,34.42136706370393,0.27339084273390984,0.9150630391506297,0.908336502500058,1,27.34,91.51,25.52,34.42,1
FluSight-baseline,1,42.3541391139921,5.978096974063734,19.91536772611118,16.460674413817234,-0.1191782459285823,-0.010233676975945624,58.37869383676648,0.294845360824743,0.9017182130584198,0.9815120613955145,1,29.48,90.17,42.35,58.38,1
FluSight-baseline,2,57.934319665951605,8.441078714936006,27.756704504359515,21.736536446656032,-0.13187827326536317,-0.016885245901638955,81.47754777797216,0.27797576621525355,0.8709907341411268,1.015630866104127,1,27.8,87.1,57.93,81.48,1
FluSight-baseline,3,70.71441524558723,10.64453707811892,34.46509462270287,25.604783544765098,-0.14311009558137294,-0.018771280532938597,101.02664671909528,0.28053293856402706,0.860103626943004,1.0193170685213326,1,28.05,86.01,70.71,101.03,1
FluSight-ensemble,0,19.558068519705404,8.506388902325499,7.15635269096321,3.8953269264167023,0.037505553792446834,-0.11063702720636999,30.43763785084948,0.5693430656934303,0.9462508294625087,0.6966131747178145,0.7669109111001184,56.93,94.63,19.56,30.44,0.77
FluSight-ensemble,1,31.5849362983366,11.779221046948003,12.81178685678205,6.993928394606577,0.006774241745106913,-0.13811683848797277,49.433038361106846,0.5298969072164937,0.9347079037800686,0.7276117096561752,0.7413171353408091,52.99,93.47,31.58,49.43,0.74
FluSight-ensemble,2,42.216291182060175,14.647028156057615,18.9615427569577,8.60772026904481,-0.014923920790851936,-0.1668210976478971,66.40710207130734,0.47683535281539474,0.9237348538845335,0.7351029471860857,0.7237894905713901,47.68,92.37,42.22,66.41,0.72
FluSight-ensemble,3,50.45079217968827,16.844597383093486,25.673653726087654,7.932541070507124,-0.025837865671161267,-0.19054774241302874,77.90135868692099,0.4863064396743184,0.8993338267949673,0.7245104434918763,0.7107802526478674,48.63,89.93,50.45,77.9,0.71
FluSight-lop_norm,0,20.227502210554803,10.753363989439006,6.481203791235889,2.9929344298799117,0.07980092899800925,-0.11692103516921053,30.47615500636266,0.6370272063702729,0.9913735899137359,0.7230039555694685,0.7959648803934556,63.7,99.14,20.23,30.48,0.8
FluSight-lop_norm,1,31.718115061927207,15.323283111863455,11.197366003610336,5.197465946453457,0.06447631854176002,-0.14335395189003447,49.16409437124786,0.5869415807560138,0.9903780068728523,0.7331180484942142,0.7469271925725156,58.69,99.04,31.72,49.16,0.75
FluSight-lop_norm,2,41.648378162892605,19.72606440691005,15.781668114477139,6.140645641505444,0.05554618984164378,-0.16427655024946577,65.17559963913227,0.5602280826799725,0.9893086243763364,0.7258942914934212,0.7147225588740618,56.02,98.93,41.65,65.18,0.71
FluSight-lop_norm,3,50.07001626490228,23.759481337523493,20.649240269872106,5.661294657506702,0.05761078750040237,-0.18706143597335284,76.54653597957476,0.5847520355292394,0.9888971132494447,0.7189154460953229,0.7052912859962348,58.48,98.89,50.07,76.55,0.71
GH-model,0,119.07145326319714,2.4850870030723398,116.57946839214227,0.0068978679824970145,-0.5150004655060048,-0.9296788008565313,125.75053533190523,0.04282655246252659,0.06209850107066404,4.0654587878382324,4.475718829584274,4.28,6.21,119.07,125.75,4.48
GH-model,1,145.9462217577507,2.853413825528349,143.08773857182763,0.005069360394749057,-0.5249622940135926,-0.9464668094218418,153.64346895075016,0.03426124197002154,0.04925053533190584,2.580321455241764,2.628924856586134,3.43,4.93,145.95,153.64,2.63
GH-model,2,168.4500893492226,3.4381966018061636,165.0089004748162,0.0029922726003165506,-0.534644818918164,-0.9677730192719485,177.42719486081342,0.027837259100642397,0.03640256959314772,2.086990194867747,2.054870784769729,2.78,3.64,168.45,177.43,2.05
GH-model,3,182.60688281351833,4.1681359556838276,178.4201079973932,0.018638860441299688,-0.532968997300065,-0.9698715203426125,192.96680942184113,0.025695931477516032,0.038543897216274076,1.8495290443931394,1.814478636246276,2.57,3.85,182.61,192.97,1.81
GT-FluFNP,0,32.15599015188765,5.746147222577711,16.732455238608456,9.677387690701485,-0.166883103761829,-0.13745933384972858,43.194837412858234,0.34701781564678447,0.6839659178931076,1.2174971029060915,1.3403591065151692,34.7,68.4,32.16,43.19,1.34
GT-FluFNP,1,52.42844393066603,6.793392856847562,29.63149406159115,16.00355701222712,-0.2183463546228496,-0.16327961321515064,66.7010655922643,0.2941176470588226,0.6043513295729258,1.2260710500627028,1.249165545983688,29.41,60.44,52.43,66.7,1.25
GT-FluFNP,2,69.16877927539883,8.328627758587963,41.64270063884933,19.197450877961483,-0.20816485963567347,-0.1963140218303931,86.1419184718724,0.3190596137699408,0.5961376994122601,1.1878028334102833,1.1695221886733251,31.91,59.61,69.17,86.14,1.17
GT-FluFNP,3,80.37251916937848,9.682978114621044,54.17414609991234,16.515394954845135,-0.22365049727546413,-0.22873794916739756,100.64888808063101,0.30499561787905355,0.5687992988606472,1.117438018523111,1.0962614607681562,30.5,56.88,80.37,100.65,1.1
ISU_NiemiLab-ENS,0,39.33286490788689,11.535604300801989,24.42468077701666,3.372579830068276,-0.12350901719558242,-0.41719185423365474,56.602292096463025,0.36977491961415,0.7706323687031078,1.3168834917345813,1.4497749326489244,36.98,77.06,39.33,56.6,1.45
ISU_NiemiLab-ENS,1,49.8413694802425,12.0764096290302,32.30242734577338,5.462532505438986,-0.1392599841558318,-0.40815648445873576,68.38998698740622,0.37513397642015106,0.7224008574490897,1.0772411152308758,1.0975322235971852,37.51,72.24,49.84,68.39,1.1
ISU_NiemiLab-ENS,2,67.14022808127393,12.7033637892473,46.79572752082114,7.641136771205543,-0.15901859359709228,-0.3969024651661301,88.28045704715969,0.3397642015005379,0.6923901393354787,1.065569001026213,1.0491695719268996,33.98,69.24,67.14,88.28,1.05
ISU_NiemiLab-ENS,3,79.31276256309717,13.580951745193254,55.75831745698559,9.973493360918496,-0.16293303509017212,-0.3847266881028947,103.4825637366024,0.35155412647373835,0.6859592711682755,1.0544984100573882,1.0345146202516664,35.16,68.6,79.31,103.48,1.03
ISU_NiemiLab-NLH,0,35.01467883959575,11.206760502587105,17.416357024407237,6.391561312601405,-0.08822096198277678,-0.21388888888888782,49.6583332851016,0.4178743961352672,0.8148148148148154,1.3746955572291222,1.5134210212244932,41.79,81.48,35.01,49.66,1.51
ISU_NiemiLab-NLH,1,44.007624308575075,11.996489023852448,23.827361437609373,8.183773847113244,-0.11769656234684622,-0.22804347826086793,61.59726853062206,0.3848631239935606,0.7858293075684388,1.132682256917969,1.1540176646505196,38.49,78.58,44.01,61.6,1.15
ISU_NiemiLab-NLH,2,59.43520737348809,13.050951665931319,36.4201435136266,9.964112193930093,-0.14714651077822455,-0.2646806722689087,80.82153423863555,0.3436974789915951,0.7420168067226898,1.0963394943255387,1.0794664980309265,34.37,74.2,59.44,80.82,1.08
ISU_NiemiLab-NLH,3,73.6413275133112,14.544282971494523,47.21491033143059,11.882134210386274,-0.16553373576831923,-0.30053602811950914,98.09285132996486,0.3242530755711768,0.7249560632688941,1.098526099797916,1.0777079416432098,32.43,72.5,73.64,98.09,1.08
ISU_NiemiLab-SIR,0,45.722788706007954,9.940897849961617,31.387081423081337,4.394809432964985,-0.1898254246108719,-0.454385201305767,64.58442313335527,0.2981501632208921,0.7007616974972798,1.597867643169049,1.7591142035701102,29.82,70.08,45.72,64.58,1.76
ISU_NiemiLab-SIR,1,53.85248704506285,10.411696601465588,35.35140512402857,8.089385319568711,-0.2198202204664807,-0.45566920565832425,75.73663606316701,0.2709466811751911,0.6289445048966255,1.2261984544931113,1.2492953502269768,27.09,62.89,53.85,75.74,1.25
ISU_NiemiLab-SIR,2,74.27475764713859,10.971749971676969,50.895872688561255,12.40713498690034,-0.2638593851862997,-0.5122491349480971,99.95011135178777,0.2352941176470595,0.547866205305651,1.1850453020938383,1.1668070965975765,23.53,54.79,74.27,99.95,1.17
ISU_NiemiLab-SIR,3,87.13591193618694,11.465814687055893,59.80743709339058,15.862660155740446,-0.2625555388395768,-0.4974163783160323,114.05819132179928,0.25374855824682946,0.5340253748558226,1.164680087004862,1.1426082452385493,25.37,53.4,87.14,114.06,1.14
JHU_CSSE-CSSE_Ensemble,0,21.85289094565326,7.399416232476081,9.199494169698902,5.253980543478253,-0.047499999999999945,-0.08473750000000023,34.37834375000001,0.4612500000000002,0.8937499999999996,0.8051047088593777,0.8863507154490098,46.13,89.37,21.85,34.38,0.89
JHU_CSSE-CSSE_Ensemble,1,32.23768563896453,8.656493180062501,14.53931129518032,9.041881163721742,-0.0976231884057971,-0.0511333333333331,48.57196666666668,0.3773333333333339,0.8199999999999997,0.8338467225666336,0.8495532101572647,37.73,82,32.24,48.57,0.85
JHU_CSSE-CSSE_Ensemble,2,39.7108009831348,9.705088201173297,19.209650538561455,10.796062243399998,-0.10813664596273294,-0.037342857142856754,57.90507142857145,0.3728571428571429,0.8000000000000002,0.8492329739718391,0.8361630217378329,37.29,80,39.71,57.91,0.84
JHU_CSSE-CSSE_Ensemble,3,43.99050923966673,10.671945936881432,21.831579690745098,11.48698361204013,-0.11204013377926429,-0.026046153846154402,63.09949999999999,0.3753846153846158,0.7923076923076922,0.8238322158940813,0.80821977904203,37.54,79.23,43.99,63.1,0.81
LUcompUncertLab-chimera,0,26.970842180252014,11.159427866439994,8.890243039298145,6.921171274513897,-0.0363238221632381,-0.10877239548772388,36.8484255411327,0.48108825481088047,0.8533510285335107,0.9869572095244373,1.0865546048276027,48.11,85.34,26.97,36.85,1.09
LUcompUncertLab-chimera,1,41.44370174609756,15.567056117778845,13.964309586804559,11.912336041514115,-0.04746152696847442,-0.12687972508591042,60.139161327429946,0.47147766323023876,0.8329896907216516,0.9754715125297637,0.9938456702639371,47.15,83.3,41.44,60.14,0.99
LUcompUncertLab-chimera,2,57.12526686997139,20.601204969779484,19.833384104080054,16.69067779611177,-0.07309120208249363,-0.1503848895224519,84.50486534009471,0.4376336421952971,0.8125445473984324,1.0074598018040193,0.9919546908499827,43.76,81.25,57.13,84.5,0.99
LUcompUncertLab-chimera,3,80.59214288797847,33.35885536760495,24.940901281881963,22.29238623849161,-0.010652394167658256,-0.2121175278622087,118.35663627153082,0.5207700101317116,0.8611955420466045,0.9990580677371129,0.9801249273559126,52.08,86.12,80.59,118.36,0.98
LosAlamos_NAU-CModel_Flu,0,51.95293610370825,7.282729315953141,16.715383288667145,27.95482349908784,-0.2743338609068057,-0.18314775160599547,69.26066763985462,0.22698072805139136,0.5346181299072095,1.844685289537896,2.030839104737815,22.7,53.46,51.95,69.26,2.03
LosAlamos_NAU-CModel_Flu,1,92.83812618041688,9.18680310385827,24.330532415232966,59.320790661325866,-0.34077223063783135,-0.18558932542624282,116.02482753172399,0.16679021497405466,0.43291326908821426,2.095821057331744,2.1352983216038166,16.68,43.29,92.84,116.02,2.14
LosAlamos_NAU-CModel_Flu,2,146.73801289010984,12.080906327869254,31.088076595514803,103.56902996672575,-0.3592041835674298,-0.18597532767925812,176.7148185239509,0.1534309946029304,0.3947571318427137,2.4626241056486124,2.424723576091211,15.34,39.48,146.74,176.71,2.42
LosAlamos_NAU-CModel_Flu,3,225.1239952462211,16.6448201884922,39.86059250025872,168.61858255747,-0.38329666492055153,-0.15990361445783327,267.3778078055915,0.1389558232931724,0.3373493975903624,3.088962384322799,3.0304234861913844,13.9,33.73,225.12,267.38,3.03
MIGHTE-Nsemble,0,23.180296555395746,11.770379781572752,7.010353033551037,4.399563740271922,0.08032024465537639,-0.0019376244193761787,34.6421866240716,0.6456536164565366,0.9747843397478433,0.823413676678881,0.9065073069424824,64.57,97.48,23.18,34.64,0.91
MIGHTE-Nsemble,1,33.49222999565554,14.559081378170053,11.48942254221923,7.443726075266301,0.03393694905124769,-0.01712714776632312,51.25474406554876,0.578006872852233,0.9477663230240548,0.7751734734886643,0.7897747811540106,57.8,94.78,33.49,51.25,0.79
MIGHTE-Nsemble,2,40.731344208986336,16.750008852453632,14.783796977646151,9.197538378886524,3.8488952245178585e-4,-0.023107626514611367,62.127871509860434,0.5089094796863858,0.9294369208838207,0.7112747830282818,0.7003280490643919,50.89,92.94,40.73,62.13,0.7
MIGHTE-Nsemble,3,46.18126240166291,19.074351320547045,18.08688290584645,9.020028175269436,-0.01840375889035493,-0.052657290895633105,69.83518677059418,0.4900074019244999,0.9045151739452256,0.6655956591072424,0.6529819618078068,49,90.45,46.18,69.84,0.65
MOBS-GLEAM_FLUH,0,23.534399104477615,11.063035379623617,8.900460385817942,3.5709033390360516,-0.040606453896525264,-0.1545183175033922,36.36082835820897,0.4708276797829036,0.8833107191316147,0.8375302444956743,0.9220484282977726,47.08,88.33,23.53,36.36,0.92
MOBS-GLEAM_FLUH,1,35.23997177151762,11.844535186226281,16.680654954321895,6.714781630969467,-0.11622047725258947,-0.2201897399859448,54.348227687983204,0.3612087139845395,0.8144764581869292,0.8080105076351859,0.8232303396112688,36.12,81.45,35.24,54.35,0.82
MOBS-GLEAM_FLUH,2,45.833162064583604,12.971151036569905,24.40157241095197,8.460438617061737,-0.16148814805425274,-0.2918586005830907,68.06048833819236,0.3002915451895044,0.7660349854227403,0.7952219024031334,0.7829831968907528,30.03,76.6,45.83,68.06,0.78
MOBS-GLEAM_FLUH,3,56.967976060626,14.791042973044132,32.20677836290032,9.970154724681608,-0.1797406444393246,-0.3494019682059046,81.08210598031798,0.30809992429977373,0.7002271006813013,0.8149773203872244,0.7995326925796183,30.81,70.02,56.97,81.08,0.8
NIH-Flu_ARIMA,0,39.9101617126771,14.741279392836063,22.449378379806248,2.7195039400347962,-0.026329697342141637,-0.1963250883392225,65.69364706577593,0.4381625441696114,0.9787985865724381,0.925959353534705,1.0194012362006182,43.82,97.88,39.91,65.69,1.02
NIH-Flu_ARIMA,1,57.4755408021647,21.052139901166253,33.33198566207957,3.0914152389188656,-0.0011326808920263235,-0.26092250922509225,91.2800755678014,0.47970479704797037,0.981549815498155,0.8717737990418017,0.888194687900537,47.97,98.15,57.48,91.28,0.89
NIH-Flu_ARIMA,2,68.27914954738304,25.75866603357159,38.47870909899609,4.041774414815363,0.006926305187174792,-0.2761776061776061,105.55151972734365,0.4826254826254824,0.9768339768339769,0.8118512710467488,0.7993566345230732,48.26,97.68,68.28,105.55,0.8
NIH-Flu_ARIMA,3,74.63007324026042,28.568196756615038,42.608688653397074,3.4531878302483126,0.017880654814293247,-0.32578947368421046,111.28136087706359,0.530364372469636,0.9635627530364372,0.780507661017683,0.7657162674121828,53.04,96.36,74.63,111.28,0.77
NU_UCSD-GLEAM_AI_FLUH,0,33.15875667352485,14.132523327251553,10.90836296583852,8.117870380434757,0.015481366459627433,-0.09914285714285714,50.174602678571425,0.5410714285714292,0.9187500000000004,0.9927911272000767,1.0929772440803271,54.11,91.88,33.16,50.17,1.09
NU_UCSD-GLEAM_AI_FLUH,1,53.73545480050433,16.106032666856468,20.509790092325133,17.119632041322642,-0.07155570016675462,-0.13571562207670662,80.2310739008419,0.41908325537885677,0.8465855940130949,1.0315833868031927,1.051014477943844,41.91,84.66,53.74,80.23,1.05
NU_UCSD-GLEAM_AI_FLUH,2,70.57872518834883,17.78138069360212,30.1016065174682,22.69573797727845,-0.129900059793286,-0.1415913555992137,102.99223575638504,0.35559921414538187,0.7809430255402742,1.031023835145153,1.015156066593439,35.56,78.09,70.58,102.99,1.02
NU_UCSD-GLEAM_AI_FLUH,3,84.3816897019176,18.564375433833302,40.24767922916279,25.56963503892172,-0.1638389975318016,-0.1911462882096072,122.37030895196507,0.32314410480349365,0.7248908296943237,1.0070351400670425,0.987950826260462,32.31,72.49,84.38,122.37,0.99
PSI-PROF,0,21.809441181731625,11.420105040246963,5.687036438648619,4.702299702836049,0.050055682178817666,-0.05504313205043104,31.716018579960117,0.6018579960185796,0.9303251493032514,0.7788455725114241,0.8574416753788603,60.19,93.03,21.81,31.72,0.86
PSI-PROF,1,34.830907001344684,15.328524810996566,10.748781114597314,8.753601075750806,-0.014173016584491249,-0.09973883161512039,52.34002749140877,0.5051546391752569,0.8969072164948451,0.8023382628483379,0.8174512513963127,50.52,89.69,34.83,52.34,0.82
PSI-PROF,2,47.45458838823637,19.746406851777245,16.066952493104907,11.641229043354295,-0.055210263720598785,-0.1359800427655024,72.07982181040619,0.4461867426942273,0.8538845331432645,0.8232249921720703,0.8105553106414449,44.62,85.39,47.45,72.08,0.81
PSI-PROF,3,57.93337058217747,23.71690902391144,21.94869951404758,12.267762044218461,-0.06867248093199874,-0.16485566247224356,88.9437379718726,0.42931162102146403,0.8497409326424871,0.8283773105236186,0.8126787396244627,42.93,84.97,57.93,88.94,0.81
PSI-PROF_beta,0,24.311130936937694,10.859479683642299,7.707228103946142,5.744423149349296,0.035002720006695416,-0.056092396535130526,37.42239653512987,0.5745909528392689,0.936477382098171,0.745987410467277,0.8212676782382522,57.46,93.65,24.31,37.42,0.82
PSI-PROF_beta,1,40.371599651997705,14.35620870005727,15.507079423814009,10.508311528126516,-0.03492445266728333,-0.06126646403242222,62.49855116514698,0.47619047619047733,0.876393110435663,0.8031800810126424,0.8183089261997254,47.62,87.64,40.37,62.5,0.82
PSI-PROF_beta,2,55.934209295512694,18.134591532201817,23.429700069751103,14.369917693559598,-0.06496628691002104,-0.05352941176470606,84.72549732620351,0.44491978609625643,0.8181818181818185,0.8450672843252756,0.8320614433144212,44.49,81.82,55.93,84.73,0.83
PSI-PROF_beta,3,62.414708897533096,21.460540794721556,26.283225171106523,14.67094293170514,-0.05895809739524348,-0.02929784824462033,94.90067950169883,0.44733861834654515,0.8267270668176665,0.8339159022299053,0.8181123695295531,44.73,82.67,62.41,94.9,0.82
SGroup-RandomForest,0,23.975811893022566,8.874177349469596,10.291023457343485,4.810611086209452,-0.022629613028537377,-0.10399999999999958,36.49951890034368,0.4611683848797249,0.9264604810996567,0.9094679620621517,1.0012456392085747,46.12,92.65,23.98,36.5,1
SGroup-RandomForest,1,36.926176268245065,11.530598469118967,20.76284359602095,4.632734203105169,-0.05028293408534503,-0.1966714183891663,56.34319315751959,0.43050605844618756,0.90163934426229575,0.912916789600603,0.9301126552664236,43.05,90.16,36.93,56.34,0.93
SGroup-RandomForest,2,49.74435069030993,13.737734013452199,31.252640556109842,4.753976120747859,-0.06358768062304886,-0.2542561065877133,75.67801628423399,0.41376757957068844,0.8874907475943737,0.933472618246661,0.919106192417509,41.38,88.75,49.74,75.68,0.92
SGroup-RandomForest,3,61.102420490678455,15.28351631689929,41.645272283027076,4.173631890752099,-0.07695350938849269,-0.3023325635103936,91.52440338722099,0.4095458044649742,0.8637413394919168,0.9320338820719204,0.9143709164254169,40.95,86.37,61.1,91.52,0.91
SigSci-CREG,0,25.15189970355732,7.4996434453227945,9.346385046113312,8.305871212121259,0.0015579710144927844,-0.23236742424242413,37.920454545454305,0.5274621212121197,0.9024621212121213,1.2720968737015739,1.4004687362010892,52.75,90.25,25.15,37.92,1.4
SigSci-CREG,1,35.006277794568454,7.530866542895385,14.515305902163101,12.960105349509988,-0.07314105608566149,-0.21100297914597768,50.50248262164835,0.4240317775571016,0.8162859980139022,1.2184737538198993,1.2414251456955838,42.4,81.63,35.01,50.5,1.24
SigSci-CREG,2,48.57020923913044,7.5352001811594205,23.237137681159357,17.797871376811596,-0.15528079710144926,-0.20700000000000043,66.56354166666682,0.3395833333333346,0.7145833333333333,1.2599435144941296,1.2405526028636418,33.96,71.46,48.57,66.56,1.24
SigSci-CREG,3,63.923863259210094,7.529666682471198,33.78663885069451,22.60755772604429,-0.23306718505523666,-0.22263904034896642,84.15485278080719,0.2333696837513634,0.6335877862595428,1.314792115186454,1.289875501735442,23.34,63.36,63.92,84.15,1.29
SigSci-TSENS,0,23.170517210144922,8.583892814009662,7.595259661835724,6.991364734299496,0.031056763285024245,-0.018631944444443944,33.45624999999986,0.587499999999999,0.8770833333333328,0.824307379071612,0.9074911960521583,58.75,87.71,23.17,33.46,0.91
SigSci-TSENS,1,39.033994760152204,13.305000935687106,14.08742436529217,11.64156945917279,0.022367912170170402,-0.03713055954088923,56.7998565279769,0.5717360114777615,0.8780487804878049,0.8977694048418581,0.9146799516303539,57.17,87.8,39.03,56.8,0.91
SigSci-TSENS,2,54.039330033643886,17.410965644409938,20.998253105589995,15.630111283643922,-1.565734989648357e-4,-0.05534970238095201,80.15922619047569,0.5319940476190457,0.8645833333333329,0.9324897585084402,0.9181384591878259,53.2,86.46,54.04,80.16,0.92
SigSci-TSENS,3,66.16221792890263,21.013572004569586,27.456118540420768,17.69252738391242,-0.01188898595524494,-0.069783616692426,98.38176197836138,0.5208655332302946,0.8585780525502327,0.9351408031935464,0.9174189583130438,52.09,85.86,66.16,98.38,0.92
Stevens-GBR,0,31.811615648032703,5.305788882642964,24.887842085692185,1.6179846796975734,-0.20687877519287123,-0.41000687757909227,38.257662711737325,0.23314993122420932,0.7613480055020637,1.1135385745040036,1.2259097497889362,23.31,76.13,31.81,38.26,1.23
Stevens-GBR,1,46.04408243322466,7.241883771507449,34.96504663752424,3.837152024192977,-0.197473174967438,-0.33148359486447954,58.639944652876636,0.2503566333808843,0.7767475035663363,1.0384937925147266,1.0580550493064704,25.04,77.67,46.04,58.64,1.06
Stevens-GBR,2,59.80217273149398,8.80746502637678,46.236412153016396,4.758295552100632,-0.20505636070853464,-0.30873333333333214,76.69686272184967,0.23925925925925884,0.7496296296296318,1.0212740737953698,1.0055563570186576,23.93,74.96,59.8,76.7,1.01
Stevens-GBR,3,71.98657886087501,9.74520542457284,57.653266075899054,4.588107360403171,-0.2070168151671469,-0.3240061633281962,90.79186126274665,0.25038520801232733,0.7134052388289667,1.0089165431492138,0.9897965748898855,25.04,71.34,71.99,90.79,0.99
UGA_flucast-Copycat,0,24.52121899789136,8.17955149446062,10.315091876694426,6.026575626736275,-0.0471647086387524,-0.12711316397228656,34.734411085450525,0.4726712856043113,0.8337182448036958,0.8113501551336364,0.8932264121286754,47.27,83.37,24.52,34.73,0.89
UGA_flucast-Copycat,1,39.830628290505935,11.332633102053627,19.464244621875142,9.033750566577183,-0.07581395348837204,-0.1473696872493991,57.773055332799004,0.42341619887730575,0.8291900561347249,0.8371411074605691,0.8529096486805484,42.34,82.92,39.83,57.77,0.85
UGA_flucast-Copycat,2,54.31358995815902,14.562780425686736,29.36547207567754,10.385337456794584,-0.0924758959432418,-0.1628368200836825,79.32133891213398,0.3899581589958166,0.8200836820083689,0.8548304133567083,0.8416743148381898,39,82.01,54.31,79.32,0.84
UGA_flucast-Copycat,3,67.15463083418919,17.496751112632662,39.2899311499105,10.367948571645915,-0.10856175586747292,-0.17000874890638557,96.6526684164475,0.38145231846019334,0.8136482939632548,0.8663744777071994,0.8499558228373448,38.15,81.36,67.15,96.65,0.85
UGA_flucast-INFLAenza,0,21.08651465902874,9.849138158529914,8.733627264827954,2.503749235670834,0.04222765745180698,-0.08154700222057738,32.502590673575,0.5721687638786087,0.9548482605477426,0.7104840709791139,0.7821815693012607,57.22,95.48,21.09,32.5,0.78
UGA_flucast-INFLAenza,1,35.113111758208646,12.765252200689492,18.850152291059988,3.4977072664591327,-0.00803762091240758,-0.13066204772902312,54.9337952270976,0.488837567359506,0.9253271747498073,0.7425184377189115,0.7565046492278437,48.88,92.53,35.11,54.93,0.76
UGA_flucast-INFLAenza,2,47.966905268296074,14.476929326034657,29.67009518496575,3.819880757295768,-0.0446434922073847,-0.18542101042502118,73.05533279871725,0.4426623897353639,0.8901363271852438,0.762112338941676,0.7503831996216044,44.27,89.01,47.97,73.06,0.75
UGA_flucast-INFLAenza,3,59.949199563398224,15.630480261961068,40.36197926141529,3.9567400400218196,-0.08199745315626708,-0.2348786610878652,88.962343096234,0.4008368200836815,0.8552301255230121,0.7831187805850786,0.768277903676337,40.08,85.52,59.95,88.96,0.77
UGA_flucast-OKeeffe,0,8.11657857345837,3.691457800511509,2.7081557260585396,1.7169650468883209,0.04473429951690822,-0.06039215686274511,12.013071895424833,0.5751633986928105,0.9084967320261439,1.061648060699136,1.1687827779430986,57.52,90.85,8.12,12.01,1.17
UGA_flucast-OKeeffe,1,12.85075873827792,5.160505825518613,4.514066496163683,3.1761864165956237,0.01034953111679456,-0.08816993464052289,18.41830065359477,0.5163398692810458,0.9019607843137255,1.1726054909292438,1.1946928999140698,51.63,90.2,12.85,18.42,1.19
UGA_flucast-OKeeffe,2,18.77782040352373,6.9721938050582555,7.918726911054276,3.886899687411196,-0.01607843137254901,-0.1434640522875817,26.679738562091504,0.4836601307189542,0.8823529411764706,1.1492390167069093,1.1315518807687401,48.37,88.24,18.78,26.68,1.13
UGA_flucast-OKeeffe,3,28.114924694515487,8.860875248650185,14.921852799090653,4.332196646774651,-0.06126172208013638,-0.2251633986928105,38.51633986928104,0.4313725490196078,0.823529411764706,1.1660727522308747,1.143974518078494,43.14,82.35,28.11,38.52,1.14
UGuelph-CompositeCurve,0,55.00143269015847,16.58468326460414,18.20630327588635,20.210446149667995,-0.08295031055900608,-0.25842142857142847,73.25895101205023,0.404999999999999,0.8328571428571423,1.8481573884216245,2.0346615855851353,40.5,83.29,55,73.26,2.03
UGuelph-CompositeCurve,1,78.33654299904963,21.138733722573065,21.05708778504343,36.14072149143324,-0.0889007869952265,-0.23098664688427364,105.05332162802708,0.4020771513353138,0.8338278931750736,1.7067901409279016,1.7389395485381873,40.21,83.38,78.34,105.05,1.74
UGuelph-CompositeCurve,2,90.50845310422123,24.102887184117993,26.68405010446371,39.721515815639485,-0.10478931830381118,-0.20035493827160428,125.3226434538357,0.3858024691358027,0.8148148148148143,1.4844021768065814,1.4615567784982955,38.58,81.48,90.51,125.32,1.46
UGuelph-CompositeCurve,3,99.26687506958069,27.40294399985806,31.080802327899757,40.78312874182283,-0.11505102754089186,-0.18762861736334382,138.79994085101285,0.3649517684887471,0.8054662379421225,1.3470730868677618,1.3215447170151746,36.5,80.55,99.27,138.8,1.32
UM-DeepOutbreak,0,26.845500273026797,15.635927898267184,6.582061602241863,4.627510772517713,0.018563327032136426,-0.044535117056856574,32.246261375768476,0.6013377926421397,0.8802675585284269,0.9852633464080638,1.0846898079029923,60.13,88.03,26.85,32.25,1.08
UM-DeepOutbreak,1,41.134492182666044,22.026909931708232,11.529049228964432,7.578533021993406,-0.00376570550483546,-0.06349272349272314,50.52032098167991,0.6126126126126128,0.8087318087318099,0.9741533908125147,0.9925027201677612,61.26,80.87,41.13,50.52,0.99
UM-DeepOutbreak,2,56.046906771497554,26.872711674235543,17.16293239620993,12.011262701052106,-0.031014909511454976,-0.05712437095614654,69.74712654604134,0.5815959741193347,0.7555715312724659,1.0013261931444373,0.9859154802821608,58.16,75.56,56.05,69.75,0.99
UM-DeepOutbreak,3,67.42401984834008,30.499199583736267,23.825196282389438,13.099623982214464,-0.04459979868168876,-0.0540627333831219,82.77830991197814,0.5877520537714679,0.7206870799103784,0.9898994741997208,0.9711398982415881,58.78,72.07,67.42,82.78,0.97
UMass-flusion,0,17.978232974780575,7.9853067258835875,6.322963704555693,3.669962544341317,0.03183902072867949,-0.0584794156706506,27.246211253749916,0.5590969455511284,0.952191235059761,0.640249024937729,0.704858852611935,55.91,95.22,17.98,27.25,0.7
UMass-flusion,1,27.14851340335679,11.821458801473815,9.27363541508158,6.053419186801374,0.040175826804616885,-0.039621733149930845,41.630814831755686,0.5563961485557086,0.9594222833562585,0.6264605705866564,0.6382606951319114,55.64,95.94,27.15,41.63,0.64
UMass-flusion,2,34.6323841723441,15.801595026580754,11.781377745754723,7.049411400008575,0.05167400607827321,-0.04603423680456516,53.85645260706874,0.5912981455064195,0.9778887303851641,0.6038769537923477,0.5945831048920047,59.13,97.79,34.63,53.86,0.59
UMass-flusion,3,40.023580099197275,19.496042828778037,13.49088507068263,7.036652199736629,0.07307568438003222,-0.0593703703703704,61.56789623104137,0.6318518518518524,0.9799999999999999,0.5764687987917361,0.5655441438138457,63.19,98,40.02,61.57,0.57
UMass-trends_ensemble,0,22.63165179860269,10.430514319533462,6.307177088746505,5.893960390322781,0.08839540389167963,-0.007370517928287413,34.365205843293545,0.6606905710491362,0.9382470119521911,0.8054946584093444,0.8867800162080275,66.07,93.82,22.63,34.37,0.89
UMass-trends_ensemble,1,37.45591262484302,15.761411697864963,11.49647150290048,10.198029424077506,0.07812212188266249,-0.02834938101788195,57.12276478679513,0.6499312242090791,0.93878954607978,0.8670023109195863,0.8833333231655676,64.99,93.88,37.46,57.12,0.88
UMass-trends_ensemble,2,51.93658438255908,20.072523723872727,16.985409042982166,14.878651615704275,0.046029895180797774,-0.04930813124108446,79.87482168330946,0.592724679029958,0.9208273894436522,0.9087818461967131,0.8947954188146354,59.27,92.08,51.94,79.87,0.89
UMass-trends_ensemble,3,65.903076489533,23.298921900161034,23.207616747181845,19.396537842189964,0.014685990338164022,-0.06689629629629716,100.57851851851866,0.5614814814814827,0.8881481481481488,0.9493498470790881,0.9313587267367728,56.15,88.81,65.9,100.58,0.93
UNC_IDD-InfluPaint,0,34.178258229011014,5.96952440577598,11.962313342729638,16.246420480505318,-0.14734827125686303,-0.04462457337883949,48.60224417316445,0.3276450511945387,0.7841296928327651,1.0506656931012037,1.1566921402028942,32.76,78.41,34.18,48.6,1.16
UNC_IDD-InfluPaint,1,54.78429109162312,8.138669618711516,19.81333029258508,26.832291180326642,-0.19664352480316477,-0.09567350579839441,76.34711699643854,0.27386262265834016,0.6993755575379126,1.0677869597741991,1.0878999879594133,27.39,69.94,54.78,76.35,1.09
UNC_IDD-InfluPaint,2,74.37855408801816,11.964809515418738,26.673847467452763,35.73989710514669,-0.20553433563592038,-0.12575700934579434,104.82298732814108,0.27570093457943873,0.6785046728971956,1.0930378514432728,1.0762156684308666,27.57,67.85,74.38,104.82,1.08
UNC_IDD-InfluPaint,3,88.43641745287033,16.829832181615195,31.612684476370426,39.99390079488461,-0.19679737167726258,-0.12022571148184488,127.48128847731466,0.2659470068694793,0.6997055937193338,1.113407308790809,1.0923071369794366,26.59,69.97,88.44,127.48,1.09
UVAFluX-Ensemble,0,22.773299420388064,8.052582007858552,6.497657332537905,8.223060079991564,-0.04175407141789947,-0.03531271477663256,34.635690710366916,0.46254295532646067,0.8680412371134016,0.7995291403745727,0.88021249633147,46.25,86.8,22.77,34.64,0.88
UVAFluX-Ensemble,1,40.71472058100872,10.958360936212825,11.791685060059768,17.964674584736184,-0.10002107285630177,-0.069814682822524,59.49448149389155,0.40342124019957204,0.7940128296507473,0.9156801622183897,0.9329280792703403,40.34,79.4,40.71,59.49,0.93
UVAFluX-Ensemble,2,60.12569222143977,14.564163018024562,17.372368005856185,28.189161197559212,-0.1347293067650069,-0.05387740555951642,84.87534248416522,0.37776193870278035,0.7341411261582315,1.0379833972819283,1.022008518964714,37.78,73.41,60.13,84.88,1.02
UVAFluX-Ensemble,3,83.6951983146285,20.76045404930343,24.70759651158182,38.227147753743196,-0.15862195475171398,-0.04461880088823026,115.66707059785266,0.33086602516654356,0.6913397483345644,1.187899344302089,1.1653874746013126,33.09,69.13,83.7,115.67,1.17
VTSanghani-Ensemble,0,41.45129952416018,5.284363586817061,18.45033300420611,17.716602933137064,-0.27951735448672854,0.02369515011547055,54.42342827816268,0.22170900692840612,0.5357967667436496,1.5024731542974659,1.6540931143492936,22.17,53.58,41.45,54.42,1.65
VTSanghani-Ensemble,1,61.69707359663191,6.87756602483642,29.28715046546494,25.532357106330476,-0.29718001464384086,0.01640737770649763,78.5373402833467,0.21170809943865287,0.49157979149959863,1.4302299669583953,1.4571700371413607,21.17,49.16,61.7,78.54,1.46
VTSanghani-Ensemble,2,70.98414189254744,8.788889118306956,38.07426193075025,24.12099084349043,-0.2834164089503366,0.021447698744770507,91.29483054393303,0.23598326359832592,0.4995815899581592,1.2190321649949034,1.2002708914027067,23.6,49.96,70.98,91.29,1.2
VTSanghani-Ensemble,3,89.80690139919103,10.424872445382734,45.948075906272784,33.43395304753581,-0.31545437255125724,0.016141732283463182,113.57439268008167,0.20472440944881856,0.446194225721785,1.2553275476111432,1.2315378466409652,20.47,44.62,89.81,113.57,1.23
cfarenewal-cfaepimlight,0,23.278160875409068,7.440915375175319,8.64092245208043,7.196323048153361,-0.020677886863020085,-0.15996639784946237,36.19825268817193,0.477150537634409,0.9240591397849464,0.8256067308477628,0.9089216700808631,47.72,92.41,23.28,36.2,0.91
cfarenewal-cfaepimlight,1,40.01866245953224,13.725245618892014,16.772150615715127,9.521266224925148,-0.021052918217300518,-0.24940153096729276,62.37752261656259,0.4606819763395963,0.9297146833681276,0.9174031867107753,0.9346835589635147,46.07,92.97,40.02,62.38,0.93
cfarenewal-cfaepimlight,2,53.701259822576084,20.289081834425257,25.07905676938027,8.33312121877061,-0.02635716748691263,-0.33330209084354717,82.20439798125408,0.44628695025234316,0.9516943042537853,0.9297373005459522,0.915428362385583,44.63,95.17,53.7,82.2,0.92
cfarenewal-cfaepimlight,3,62.54069721101276,25.047949554152574,32.910339104399874,4.582408552460294,-0.027856027076282243,-0.40952095808383226,93.24812874251528,0.44011976047904167,0.9513473053892214,0.8960946478558287,0.8791127663110204,44.01,95.13,62.54,93.25,0.88
fjordhest-ensemble,0,20.94924295317504,7.446809093794178,7.420853985747652,6.0815798736332,-0.028274429474048738,-0.07039150630391508,32.3853218314532,0.4698075646980762,0.9017916390179163,0.7537590368254793,0.8298235673132943,46.98,90.18,20.95,32.39,0.83
fjordhest-ensemble,1,35.59130791573284,13.031453739728073,11.479886448528308,11.079967727476525,-0.01877483938443142,-0.08303092783505178,55.49575257731957,0.4701030927835062,0.9195876288659796,0.8256518973124913,0.8412040256933562,47.01,91.96,35.59,55.5,0.84
fjordhest-ensemble,2,50.344447547181524,18.082237376429394,15.879015463757742,16.383194706994434,-0.03079054200625992,-0.09163221667854647,78.35562366357807,0.4568781183178915,0.9023521026372052,0.8757197144745272,0.8622421232959502,45.69,90.24,50.34,78.36,0.86
fjordhest-ensemble,3,61.33497837672577,21.681838029800797,20.940414507772065,18.71272583915295,-0.037584398030444395,-0.09739452257586872,94.97019245003703,0.47076239822353805,0.8874907475943742,0.8769611721282895,0.8603418889084719,47.08,88.75,61.33,94.97,0.86
